session_id,label,factor,target,iso_current_mean,iso_current_std,iso_current_min,iso_current_max,iso_current_slope,iso_current_n,iso_voltage_mean,iso_voltage_std,iso_voltage_min,iso_voltage_max,iso_voltage_slope,iso_voltage_n,ocpp_current_mean,ocpp_current_std,ocpp_current_min,ocpp_current_max,ocpp_current_slope,ocpp_current_n,ocpp_voltage_mean,ocpp_voltage_std,ocpp_voltage_min,ocpp_voltage_max,ocpp_voltage_slope,ocpp_voltage_n,cross_rv04_diff_pct_median,cross_rv04_violation_rate,cross_rv04_ratio_mean,cross_rv04_n_checks,cross_rv03_diff_pct_median,cross_rv03_violation_rate,cross_rv03_ratio_mean,cross_rv03_n_checks,cross_rvE_ratio,cross_rvE_diff_pct,cross_rvE_violation,cross_rvE_n_checks,cnt_iso_current,cnt_iso_voltage,cnt_ocpp_current,cnt_ocpp_voltage,cnt_powermeter
session_0000_normal_derate,0,1.0,energy,11.699999999999923,7.815970093361102e-14,11.700000000000001,11.700000000000001,0.0,362,398.89502762430936,20.994475138121274,0.0,400.0,0.012192868411503239,362,9.471428417024159,4.59431762221968,0.0,11.699999809265137,-0.42545453851873216,21,378.4640520881204,83.18462320048589,0.0,400.0,-2.9082421147613875,34,1.6302125423628014e-06,0.19047619047619047,1.0000000131969586,21,0.0,0.08823529411764706,1.0908121562678392,34,0.9902227835057281,-0.9777216494271879,0,46,452,452,26,42,419
session_0001_normal_derate,0,1.0,energy,9.80000000000006,5.861977570020827e-14,9.8,9.8,0.0,362,400.0,0.0,400.0,400.0,0.0,362,7.933333487737746,3.8482319921402914,0.0,9.800000190734863,-0.3563636432994496,21,368.44202931722003,96.22677484627893,0.0,400.0,-4.130546654267968,36,-1.946274069984531e-06,0.19047619047619047,0.999999984244448,21,0.0,0.1388888888888889,1.0377661193309882,36,0.9919866471391987,-0.8013352860801293,0,48,452,452,26,44,419
session_0002_normal_derate,0,1.0,energy,8.400000000000054,5.3290705182007514e-14,8.4,8.4,0.0,362,400.0,0.0,400.0,400.0,0.0,362,6.799999691191173,3.2984843506998454,0.0,8.399999618530273,-0.30545453158291913,21,374.1718265309053,93.99230423040824,0.0,400.0,-3.842668180997541,34,4.541306479065247e-06,0.19047619047619047,1.0000000367629571,21,0.0,0.11764705882352941,1.0063695784229325,34,75.06606302880658,7406.606302880658,1,47,452,452,26,42,419
session_0003_normal,0,1.0,energy,28.0,0.0,28.0,28.0,0.0,362,400.0,0.0,400.0,400.0,0.0,362,22.666666666666668,10.994948334980428,0.0,28.0,-1.018181818181818,21,368.7380955287388,103.62408633483106,0.0,405.8333435058594,-3.9810923942330834,35,0.0,0.19047619047619047,1.0,21,0.0,0.08571428571428572,1.085303607390345,35,0.995740653099858,-0.4259346900141958,0,46,452,452,26,43,419
session_0004_normal_derate,0,1.0,energy,9.099999999999943,5.684341886080802e-14,9.1,9.1,0.0,362,400.0,0.0,400.0,400.0,0.0,362,7.366666975475493,3.5733583586629227,0.0,9.100000381469727,-0.3309091047807174,21,371.23502284458704,95.44302548049284,0.0,400.0,-4.015361010126706,35,-4.191974845347872e-06,0.19047619047619047,0.9999999660649659,21,0.0,0.11428571428571428,1.02283105085952,35,0.9922122523450649,-0.7787747654935062,0,47,452,452,26,43,419
session_0005_normal_derate,0,1.0,energy,23.399999999999846,1.5631940186722204e-13,23.400000000000002,23.400000000000002,0.0,362,400.0,0.0,400.0,400.0,0.0,362,18.942856834048317,9.18863524443936,0.0,23.399999618530273,-0.8509090770374643,21,375.1406653909122,93.93745956173979,0.0,400.0,-3.7190021651860317,34,1.6302125423628014e-06,0.19047619047619047,1.0000000131969586,21,0.0,0.11764705882352941,1.003526968241592,34,27.292877628278468,2629.287762827847,1,47,452,452,26,42,419
session_0006_normal_derate,0,1.0,energy,8.400000000000054,5.3290705182007514e-14,8.4,8.4,0.0,362,400.0,0.0,400.0,400.0,0.0,362,6.799999691191173,3.2984843506998454,0.0,8.399999618530273,-0.30545453158291913,21,378.259303373449,81.49924942861715,0.0,400.0,-2.9451989111962256,34,4.541306479065247e-06,0.19047619047619047,1.0000000367629571,21,0.0,0.08823529411764706,1.073734884373354,34,0.9887703623124192,-1.1229637687580785,0,46,452,452,26,42,419
session_0007_normal,0,1.0,energy,26.0,0.0,26.0,26.0,0.0,362,400.0,0.0,400.0,400.0,0.0,362,21.047619047619047,10.209594882481827,0.0,26.0,-0.9454545454545454,21,371.7591038295201,95.39304481876532,0.0,400.0,-3.9434283259202116,35,0.0,0.19047619047619047,1.0,21,0.0,0.11428571428571428,1.0212338227997795,35,0.9965468164961718,-0.3453183503828172,0,47,452,452,26,43,419
session_0008_normal,0,1.0,energy,11.0,0.0,11.0,11.0,0.0,361,400.0,0.0,400.0,400.0,0.0,361,8.904761904761905,4.319443988742311,0.0,11.0,-0.3999999999999999,21,372.9248370002298,94.4278442229015,0.0,400.0,-4.017570608676709,34,0.0,0.19047619047619047,1.0,21,0.0,0.11764705882352941,1.0106848520878895,34,0.9929380090051291,-0.7061990994870926,0,47,451,451,26,42,419
session_0009_normal,0,1.0,energy,21.0,0.0,21.0,21.0,0.0,359,400.0,0.0,400.0,400.0,0.0,359,17.0,8.246211251235321,0.0,21.0,-0.7636363636363637,21,378.65168582691865,83.16750047412987,0.0,400.0,-2.879975213851521,34,0.0,0.19047619047619047,1.0,21,0.0,0.08823529411764706,1.0902667360864757,34,0.9954151432632116,-0.4584856736788434,0,46,448,448,26,42,419
session_0010_normal,0,1.0,energy,22.0,0.0,22.0,22.0,0.0,362,400.0,0.0,400.0,400.0,0.0,362,17.80952380952381,8.638887977484622,0.0,22.0,-0.7999999999999998,21,369.09017774793836,95.42507417727309,0.0,400.0,-4.052039532557111,36,0.0,0.19047619047619047,1.0,21,0.0,0.1388888888888889,1.0332892390431612,36,0.9917555039340246,-0.8244496065975437,0,48,452,452,26,44,420
session_0011_normal,0,1.0,energy,22.0,0.0,22.0,22.0,0.0,362,400.0,0.0,400.0,400.0,0.0,362,17.80952380952381,8.638887977484622,0.0,22.0,-0.7999999999999998,21,374.7450983384076,93.96644713353616,0.0,400.0,-3.7744842972256376,34,0.0,0.19047619047619047,1.0,21,0.0,0.11764705882352941,1.0046953711144904,34,0.9965815647804188,-0.3418435219581184,0,47,452,452,26,42,419
session_0012_normal_derate,0,1.0,energy,16.800000000000107,1.0658141036401503e-13,16.8,16.8,0.0,362,398.89502762430936,20.994475138121388,0.0,400.0,-0.00045533533486941607,362,13.599999382382347,6.596968701399691,0.0,16.799999237060547,-0.6109090631658383,21,369.31092442103795,102.18623397657691,0.0,405.8823547363281,-3.9080573330406385,35,4.541306479065247e-06,0.19047619047619047,1.0000000367629571,21,0.0,0.08571428571428572,1.0662525878671831,35,37.92959825238237,3692.959825238237,1,46,452,452,26,43,419
session_0013_normal,0,1.0,energy,15.0,0.0,15.0,15.0,0.0,361,400.0,0.0,400.0,400.0,0.0,361,12.142857142857142,5.8901508937395155,0.0,15.0,-0.5454545454545454,21,371.99078369140625,94.682604040813,0.0,400.0,-3.9172313700870975,35,0.0,0.19047619047619047,1.0,21,0.0,0.11428571428571428,1.0185876894669004,35,0.9957970397586723,-0.42029602413277134,0,47,451,451,26,43,419
session_0014_normal_derate,0,1.0,energy,9.0,0.0,9.0,9.0,0.0,361,400.0,0.0,400.0,400.0,0.0,361,7.285714285714286,3.534090536243709,0.0,9.0,-0.3272727272727273,21,375.7289006850299,94.02862254803368,0.0,400.0,-3.6487195066680793,34,0.0,0.19047619047619047,1.0,21,0.0,0.08823529411764706,1.0019789806254928,34,0.9939906192420808,-0.6009380757919236,0,47,451,451,26,42,419
session_0015_normal_derate,0,1.0,energy,21.699999999999875,1.2789769243681803e-13,21.700000000000003,21.700000000000003,0.0,362,400.0,0.0,400.0,400.0,0.0,362,17.566667284284318,8.521085259198399,0.0,21.700000762939453,-0.789090936834162,21,378.81127480899585,79.7026573149992,0.0,400.0,-2.868156308377399,34,-3.515849877691351e-06,0.19047619047619047,0.9999999715383583,21,0.0,0.08823529411764706,1.0598546156554947,34,0.9952432927211465,-0.4756707278853467,0,46,452,452,26,42,419
session_0016_attack_f0p75_derate,1,0.75,energy,18.0,0.0,18.0,18.0,0.0,359,400.0,0.0,400.0,400.0,0.0,359,14.571428571428571,7.068181072487418,0.0,18.0,-0.6545454545454547,21,373.0636492047991,94.04007228562347,0.0,400.0,-3.7755775601256127,35,0.0,0.19047619047619047,1.0,21,0.0,0.11428571428571428,1.0139696824096671,35,0.7456233926163425,-25.437660738365754,1,47,448,448,26,43,419
session_0017_attack_f0p75,1,0.75,energy,21.0,0.0,21.0,21.0,0.0,361,400.0,0.0,400.0,400.0,0.0,361,17.0,8.246211251235321,0.0,21.0,-0.7636363636363637,21,373.9619373994715,94.59258527199587,0.0,400.0,-3.8965533181489924,34,0.0,0.19047619047619047,1.0,21,0.0,0.08823529411764706,1.0079714141436624,34,0.7477293658065982,-25.22706341934018,1,47,451,451,26,42,419
session_0018_attack_f0p75_derate,1,0.75,energy,8.0,0.0,8.0,8.0,0.0,362,400.0,0.0,400.0,400.0,0.0,362,6.476190476190476,3.141413809994408,0.0,8.0,-0.2909090909090909,21,380.1960781321806,77.72055350524421,0.0,400.0,-2.6656481224858557,34,0.0,0.19047619047619047,1.0,21,0.0,0.08823529411764706,1.0467914447404252,34,78.95969271943878,7795.969271943878,1,46,452,452,26,42,419
session_0019_attack_f0p75_derate,1,0.75,energy,20.30000000000012,1.2079226507921703e-13,20.3,20.3,0.0,362,400.0,0.0,400.0,400.0,0.0,362,16.433332715715682,7.971337243272243,0.0,20.299999237060547,-0.7381817904385654,21,370.8525907728407,93.77931297568546,0.0,400.0,-3.840041462273518,36,3.758322573937283e-06,0.19047619047619047,1.0000000304245162,21,0.0,0.1388888888888889,1.024026772165607,36,0.747538740743955,-25.246125925604503,1,49,452,452,26,45,419
session_0020_attack_f0p75,1,0.75,energy,10.0,0.0,10.0,10.0,0.0,361,400.0,0.0,400.0,400.0,0.0,361,8.095238095238095,3.9267672624930094,0.0,10.0,-0.3636363636363637,21,386.6749692974669,68.69316791423738,0.0,400.0,-1.9238516659660132,33,0.0,0.19047619047619047,1.0,21,0.0,0.06060606060606061,1.0033413974513083,33,0.7430830039525692,-25.69169960474308,1,45,451,451,26,41,419
session_0021_attack_f0p80,1,0.8,energy,21.0,0.0,21.0,21.0,0.0,362,400.0,0.0,400.0,400.0,0.0,362,17.0,8.246211251235321,0.0,21.0,-0.7636363636363637,21,359.8842595418294,115.43198409261491,0.0,400.0,-5.163556375589456,36,0.0,0.19047619047619047,1.0,21,0.0,0.1111111111111111,1.0419590636061096,36,0.7963598452115912,-20.36401547884088,1,47,452,452,26,44,419
session_0022_attack_f0p80_derate,1,0.8,energy,16.100000000000062,6.039613253960852e-14,16.1,16.1,0.0,361,400.0,0.0,400.0,400.0,0.0,361,13.033333642142159,6.322095442408029,0.0,16.100000381469727,-0.5854545593261719,21,372.8813555036272,93.60650818644852,0.0,400.0,-3.8902341185497638,35,-2.3693771186519138e-06,0.19047619047619047,0.9999999808193281,21,0.0,0.11428571428571428,1.0135265714409891,35,0.7939777546021508,-20.60222453978492,1,47,451,451,26,43,419
session_0023_attack_f0p80,1,0.8,energy,15.0,0.0,15.0,15.0,0.0,361,400.0,0.0,400.0,400.0,0.0,361,12.142857142857142,5.8901508937395155,0.0,15.0,-0.5454545454545454,21,387.09415597626656,68.57288383071622,0.0,400.0,-1.8591243111513518,33,0.0,0.19047619047619047,1.0,21,0.0,0.06060606060606061,1.002097345395186,33,0.7953856776901924,-20.46143223098076,1,45,451,451,26,41,419
session_0024_attack_f0p80_derate,1,0.8,energy,13.800000000000093,9.237055564881302e-14,13.8,13.8,0.0,359,400.0,0.0,400.0,400.0,0.0,359,11.171428725832985,5.418938897137495,0.0,13.800000190734863,-0.501818188753995,21,369.42857142857144,98.29817196797151,0.0,400.0,-4.246498599439776,35,-1.3821366661919621e-06,0.19047619047619047,0.9999999888112745,21,0.0,0.11428571428571428,1.0390022675736963,35,3510.4178032792893,350941.78032792895,1,47,448,448,26,43,420
session_0025_attack_f0p80_derate,1,0.8,energy,12.59999999999998,2.1316282072803006e-14,12.600000000000001,12.600000000000001,0.0,363,400.0,0.0,400.0,400.0,0.0,363,10.200000308808827,4.947726900535476,0.0,12.600000381469727,-0.45818183205344454,21,373.56421334402904,93.53042466898812,0.0,400.0,-3.796508532612264,35,-3.0275374094625066e-06,0.19047619047619047,0.9999999754913641,21,0.0,0.11428571428571428,1.0114491085722117,35,0.7965893736629512,-20.341062633704876,1,47,453,453,26,43,420
session_0026_attack_f0p90,1,0.9,energy,29.0,0.0,29.0,29.0,0.0,361,400.0,0.0,400.0,400.0,0.0,361,23.476190476190474,11.38762506122973,0.0,29.0,-1.0545454545454545,21,385.2157944187974,69.74190090153846,0.0,400.0,-2.149165433995864,33,0.0,0.19047619047619047,1.0,21,0.0,0.06060606060606061,1.0085319206930285,33,0.8946376626563427,-10.53623373436573,1,45,451,451,26,41,420
session_0027_attack_f0p90_derate,1,0.9,energy,23.199999999999893,1.1013412404281553e-13,23.200000000000003,23.200000000000003,0.0,361,400.0,0.0,400.0,400.0,0.0,361,18.780952998570033,9.110100348572349,0.0,23.200000762939453,-0.8436363913796163,21,369.3222595214844,99.39786841577327,0.0,400.0,-4.255488188927915,35,-3.288532005143625e-06,0.19047619047619047,0.9999999733785504,21,0.0,0.11428571428571428,1.045487527195981,35,0.8972647201590579,-10.27352798409421,1,47,451,451,26,43,419
session_0028_attack_f0p90,1,0.9,energy,13.0,0.0,13.0,13.0,0.0,361,400.0,0.0,400.0,400.0,0.0,361,10.523809523809524,5.104797441240914,0.0,13.0,-0.4727272727272727,21,370.51047770182294,93.8282232846873,0.0,400.0,-3.953086532926621,36,0.0,0.19047619047619047,1.0,21,0.0,0.1388888888888889,1.0250947089962614,36,0.897247089018196,-10.275291098180395,1,48,451,451,26,44,419
session_0029_attack_f0p90_derate,1,0.9,energy,13.600000000000003,1.7763568394002505e-15,13.600000000000001,13.600000000000001,0.0,359,400.0,0.0,400.0,400.0,0.0,359,11.009524118332635,5.340403626784777,0.0,13.600000381469727,-0.49454546841708114,21,386.9240352746212,68.61184466727212,0.0,400.0,-1.8853929489054146,33,-2.8049243708932146e-06,0.19047619047619047,0.9999999772934697,21,0.0,0.06060606060606061,1.0025909642220792,33,0.8981450993697192,-10.18549006302808,1,45,448,448,26,41,420
session_0030_attack_f0p90_derate,1,0.9,energy,19.599999999999937,6.394884621840902e-14,19.6,19.6,0.0,205,400.0,0.0,400.0,400.0,0.0,205,19.600000381469727,0.0,19.600000381469727,19.600000381469727,0.0,10,400.0,0.0,400.0,400.0,0.0,18,-1.946274069984531e-06,0.0,0.9999999805372592,10,0.0,0.0,1.0,18,0.9170269477110934,-8.29730522889066,1,21,256,256,12,22,238
