session_id,label,factor,target,iso_current_mean,iso_current_std,iso_current_min,iso_current_max,iso_current_slope,iso_voltage_mean,iso_voltage_std,iso_voltage_min,iso_voltage_max,iso_voltage_slope,ocpp_current_mean,ocpp_current_std,ocpp_current_min,ocpp_current_max,ocpp_current_slope,ocpp_voltage_mean,ocpp_voltage_std,ocpp_voltage_min,ocpp_voltage_max,ocpp_voltage_slope,cross_rv04_diff_pct_median,cross_rv04_violation_rate,cross_rv04_ratio_mean,cross_rv03_diff_pct_median,cross_rv03_violation_rate,cross_rv03_ratio_mean
session_0000_normal_derate,0,1.0,coherent,11.199999999999926,7.460698725481052e-14,11.200000000000001,11.200000000000001,0.0,342.0289855072464,140.8111049448245,0.0,400.0,-0.852265089393736,9.995833164169674,3.4812909952187527,0.0,16.0,-0.018718688963311143,362.089552238806,122.76098988323996,0.0,900.0,-0.5850771803940095,1.7029898892433889e-06,0.1130952380952381,1.1038690627229426,0.0,0.026865671641791045,0.9731343283582089
session_0001_normal,0,1.0,coherent,18.0,0.0,18.0,18.0,0.0,341.04046242774564,141.80122692758212,0.0,400.0,-0.861757657094559,15.973214285714286,5.659683791586617,0.0,18.0,-0.031463338247296795,361.01190476190476,124.15495253605083,0.0,900.0,-0.5981379663783667,0.0,0.11607142857142858,1.1759672619047619,0.0,0.026785714285714284,0.9732142857142857
session_0002_normal,0,1.0,coherent,13.0,0.0,13.0,13.0,0.0,342.0289855072464,140.8111049448245,0.0,400.0,-0.852265089393736,11.592261904761905,4.0359765594647286,0.0,16.0,-0.021900090475979572,362.089552238806,122.76098988323996,0.0,900.0,-0.5850771803940095,0.0,0.1130952380952381,1.122953869047619,0.0,0.026865671641791045,0.9731343283582089
session_0003_normal_derate,0,1.0,coherent,27.899999999999814,1.8829382497642655e-13,27.900000000000002,27.900000000000002,0.0,341.04046242774564,141.80122692758212,0.0,400.0,-0.861757657094559,24.72410680566515,8.806821289642562,0.0,27.899999618530273,-0.04936035627925166,361.01190476190476,124.15495253605083,0.0,900.0,-0.5981379663783667,1.3672750319350125e-06,0.11607142857142858,1.2809337918476402,0.0,0.026785714285714284,0.9732142857142857
session_0004_normal_derate,0,1.0,coherent,18.6000000000001,9.947598300641403e-14,18.6,18.6,0.0,342.0289855072464,140.8111049448245,0.0,400.0,-0.852265089393736,16.55892890975589,5.7808472970003715,0.0,18.600000381469727,-0.031797783696377584,362.089552238806,122.76098988323996,0.0,900.0,-0.5850771803940095,-2.0509124586978728e-06,0.1130952380952381,1.1823288508579786,0.0,0.026865671641791045,0.9731343283582089
session_0005_normal,0,1.0,coherent,16.0,0.0,16.0,16.0,0.0,342.0289855072464,140.8111049448245,0.0,400.0,-0.852265089393736,14.25297619047619,4.968201571653065,0.0,16.0,-0.027202425768571306,362.089552238806,122.76098988323996,0.0,900.0,-0.5850771803940095,0.0,0.11011904761904762,1.1547619047619047,0.0,0.026865671641791045,0.9731343283582089
session_0006_normal,0,1.0,coherent,28.0,0.0,28.0,28.0,0.0,342.0289855072464,140.8111049448245,0.0,400.0,-0.852265089393736,24.895833333333332,8.735762935626186,0.0,28.0,-0.04841176693893821,362.089552238806,122.76098988323996,0.0,900.0,-0.5850771803940095,0.0,0.1130952380952381,1.2819940476190477,0.0,0.026865671641791045,0.9731343283582089
session_0007_normal,0,1.0,coherent,19.0,0.0,19.0,19.0,0.0,350.5882352941176,131.6175649030305,0.0,400.0,-0.7542503675230244,16.970238095238095,5.834447779841,0.0,19.0,-0.03173239356418417,363.2835820895522,121.1682937161946,0.0,900.0,-0.5686069226153238,0.0,0.11011904761904762,1.1865699404761905,0.0,0.020895522388059702,0.9791044776119403
session_0008_normal_derate,0,1.0,coherent,24.300000000000075,7.460698725481052e-14,24.3,24.3,0.0,350.5882352941176,131.6175649030305,0.0,400.0,-0.7542503675230244,21.686606463931856,7.479278624937519,0.0,24.299999237060547,-0.0408844013829206,363.2835820895522,121.1682937161946,0.0,900.0,-0.5686069226153238,3.139668632877833e-06,0.11011904761904762,1.242764164844075,0.0,0.020895522388059702,0.9791044776119403
session_0009_normal,0,1.0,coherent,17.0,0.0,17.0,17.0,0.0,342.0289855072464,140.8111049448245,0.0,400.0,-0.852265089393736,15.139880952380953,5.280361638509877,0.0,17.0,-0.028969870866101886,362.089552238806,122.76098988323996,0.0,900.0,-0.5850771803940095,0.0,0.1130952380952381,1.1653645833333333,0.0,0.026865671641791045,0.9731343283582089
session_0010_normal,0,1.0,coherent,24.0,0.0,24.0,24.0,0.0,341.04046242774564,141.80122692758212,0.0,400.0,-0.861757657094559,21.276785714285715,7.5646536540982865,0.0,24.0,-0.04231001626036836,361.01190476190476,124.15495253605083,0.0,900.0,-0.5981379663783667,0.0,0.11607142857142858,1.2395833333333333,0.0,0.026785714285714284,0.9732142857142857
session_0011_normal_derate,0,1.0,coherent,15.39999999999995,4.973799150320701e-14,15.4,15.4,0.0,339.88439306358384,142.94179436831203,0.0,400.0,-0.8756055748008457,13.629166330610003,4.8944069654991225,0.0,16.0,-0.02737939101815066,359.82142857142856,125.68371685971694,0.0,900.0,-0.614271794904241,2.4770762101757613e-06,0.11904761904761904,1.1484003194409123,0.0,0.026785714285714284,0.9732142857142857
session_0012_normal,0,1.0,coherent,25.0,0.0,25.0,25.0,0.0,351.62241887905606,130.4248522838499,0.0,400.0,-0.742833028901984,22.376119402985076,7.611187554235075,0.0,25.0,-0.041297575424843275,364.37125748502996,119.70545142979722,0.0,900.0,-0.555065745878151,0.0,0.10746268656716418,1.2509328358208955,0.0,0.020958083832335328,0.9790419161676647
session_0013_normal_derate,0,1.0,coherent,10.470994475138122,0.551104972375691,0.0,10.5,-0.0003784974971102016,350.5882352941176,131.6175649030305,0.0,400.0,-0.7542503675230244,9.40625,3.2271619161018394,0.0,16.0,-0.017054643062770082,363.2835820895522,121.1682937161946,0.0,900.0,-0.5686069226153238,0.0,0.10714285714285714,1.0964471726190477,0.0,0.020895522388059702,0.9791044776119403
session_0014_normal_derate,0,1.0,coherent,19.199999999999882,1.2079226507921703e-13,19.200000000000003,19.200000000000003,0.0,342.0289855072464,140.8111049448245,0.0,400.0,-0.852265089393736,17.03690543628874,6.03166825251881,0.0,19.200000762939453,-0.0335869627149809,362.20238095238096,122.5955681403875,0.0,900.0,-0.5778599583683953,-3.973642812324689e-06,0.11607142857142858,1.242857107732978,0.0,0.026785714285714284,0.9732142857142857
session_0015_normal,0,1.0,coherent,14.0,0.0,14.0,14.0,0.0,342.0289855072464,140.8111049448245,0.0,400.0,-0.852265089393736,12.4375,4.397878107137361,0.0,16.0,-0.02423221957191575,361.01190476190476,124.15495253605083,0.0,900.0,-0.5981379663783667,0.0,0.11607142857142858,1.1335565476190477,0.0,0.023809523809523808,0.9761904761904762
session_0016_normal_derate,0,1.0,coherent,18.399999999999903,9.947598300641403e-14,18.400000000000002,18.400000000000002,0.0,340.8695652173913,141.9710026571029,0.0,400.0,-0.8662922202025751,16.326785377093724,5.786334079514305,0.0,18.399999618530273,-0.03218644942522168,360.8955223880597,124.3218181075346,0.0,900.0,-0.6014197617558061,2.0732050902324893e-06,0.11607142857142858,1.1802083516589816,0.0,0.026865671641791045,0.9731343283582089
session_0017_normal,0,1.0,coherent,13.0,0.0,13.0,13.0,0.0,341.04046242774564,141.80122692758212,0.0,400.0,-0.861757657094559,11.553571428571429,4.084318047307852,0.0,16.0,-0.022424439903070487,361.01190476190476,124.15495253605083,0.0,900.0,-0.5981379663783667,0.0,0.11607142857142858,1.122953869047619,0.0,0.026785714285714284,0.9732142857142857
session_0018_normal_derate,0,1.0,coherent,13.800000000000093,9.237055564881302e-14,13.8,13.8,0.0,341.04046242774564,141.80122692758212,0.0,400.0,-0.861757657094559,12.26071445431028,4.335087191881116,0.0,16.0,-0.023870663982953306,361.01190476190476,124.15495253605083,0.0,900.0,-0.5981379663783667,-1.3821366661919621e-06,0.11607142857142858,1.1314359996876635,0.0,0.026785714285714284,0.9732142857142857
session_0019_normal,0,1.0,coherent,22.0,0.0,22.0,22.0,0.0,342.0289855072464,140.8111049448245,0.0,400.0,-0.852265089393736,19.574404761904763,6.84743171373494,0.0,22.0,-0.03780709635375476,362.089552238806,122.76098988323996,0.0,900.0,-0.5850771803940095,0.0,0.1130952380952381,1.2183779761904763,0.0,0.026865671641791045,0.9731343283582089
session_0020_attack_f0p75,1,0.75,coherent,11.300000000000075,7.460698725481052e-14,11.3,11.3,0.0,342.0289855072464,140.8111049448245,0.0,400.0,-0.852265089393736,13.366071428571429,4.656655891316863,0.0,16.0,-0.025434980671040722,362.089552238806,122.76098988323996,0.0,900.0,-0.5850771803940095,-24.66666666666666,1.0,0.8861594742063471,0.0,0.026865671641791045,0.9731343283582089
session_0021_attack_f0p75_derate,1,0.75,coherent,8.400000000000055,5.5067062021407764e-14,8.4,8.4,0.0,343.18840579710144,139.63194636359043,0.0,400.0,-0.838121065828156,9.998809354645866,3.4731621498611354,0.0,16.0,-0.0186729764491545,363.39285714285717,121.00437987519128,0.0,900.0,-0.5615995900109457,-24.99999872275759,1.0,0.8744791779945918,0.0,0.026785714285714284,0.9732142857142857
session_0022_attack_f0p75_derate,1,0.75,coherent,16.753591160221102,0.8817679558011063,0.0,16.8,-6.587184511110884e-05,342.0289855072464,140.8111049448245,0.0,400.0,-0.852265089393736,19.92916632833935,6.973118794979253,0.0,22.399999618530273,-0.03851407371854019,362.089552238806,122.76098988323996,0.0,900.0,-0.5850771803940095,-24.99999872275759,1.0,0.9392857255756265,0.0,0.026865671641791045,0.9731343283582089
session_0023_attack_f0p75,1,0.75,coherent,9.80000000000006,5.861977570020827e-14,9.8,9.8,0.0,341.04046242774564,141.80122692758212,0.0,400.0,-0.861757657094559,11.553571428571429,4.084318047307852,0.0,16.0,-0.022424439903070487,361.01190476190476,124.15495253605083,0.0,900.0,-0.5981379663783667,-24.61538461538461,1.0,0.8714428800366307,0.0,0.026785714285714284,0.9732142857142857
session_0024_attack_f0p75,1,0.75,coherent,14.300000000000097,9.592326932761353e-14,14.3,14.3,0.0,350.5882352941176,131.6175649030305,0.0,400.0,-0.7542503675230244,16.970238095238095,5.834447779841,0.0,19.0,-0.03173239356418417,363.2835820895522,121.1682937161946,0.0,900.0,-0.5686069226153238,-24.736842105263154,1.0,0.9166089050751852,0.0,0.020895522388059702,0.9791044776119403
session_0025_attack_f0p75_derate,1,0.75,coherent,12.19999999999992,8.171241461241152e-14,12.200000000000001,12.200000000000001,0.0,342.0289855072464,140.8111049448245,0.0,400.0,-0.852265089393736,14.430357819511777,5.030588328813022,0.0,16.200000762939453,-0.027555916136531012,362.089552238806,122.76098988323996,0.0,900.0,-0.5850771803940095,-24.691361571353784,1.0,0.8954828646350169,0.0,0.026865671641791045,0.9731343283582089
session_0026_attack_f0p75,1,0.75,coherent,19.5,0.0,19.5,19.5,0.0,342.0289855072464,140.8111049448245,0.0,400.0,-0.852265089393736,23.12202380952381,8.105699975614154,0.0,26.0,-0.044876876743877046,362.089552238806,122.76098988323996,0.0,900.0,-0.5850771803940095,-25.0,1.0,0.9701450892857143,0.0,0.026865671641791045,0.9731343283582089
session_0027_attack_f0p80,1,0.8,coherent,20.800000000000125,1.2434497875801753e-13,20.8,20.8,0.0,342.0289855072464,140.8111049448245,0.0,400.0,-0.852265089393736,23.12202380952381,8.105699975614154,0.0,26.0,-0.044876876743877046,362.089552238806,122.76098988323996,0.0,900.0,-0.5850771803940095,-20.0,1.0,1.0282738095238133,0.0,0.026865671641791045,0.9731343283582089
session_0028_attack_f0p80_derate,1,0.8,coherent,11.5,0.0,11.5,11.5,0.0,349.4117647058824,132.95158730708718,0.0,400.0,-0.7695771844148865,12.833928233101254,4.470076720548478,0.0,16.0,-0.024374512938295585,362.089552238806,122.76098988323996,0.0,900.0,-0.5850771803940095,-20.138886773291873,1.0,0.9284371054035383,0.0,0.020895522388059702,0.9791044776119403
session_0029_attack_f0p80_derate,1,0.8,coherent,15.39999999999995,4.973799150320701e-14,15.4,15.4,0.0,342.0289855072464,140.8111049448245,0.0,400.0,-0.852265089393736,17.09107210522606,5.968801370569433,0.0,19.200000762939453,-0.032858251429122735,362.089552238806,122.76098988323996,0.0,900.0,-0.5850771803940095,-19.791669853859347,1.0,0.9728670352247006,0.0,0.026865671641791045,0.9731343283582089
session_0030_attack_f0p80_derate,1,0.8,coherent,18.6000000000001,9.947598300641403e-14,18.6,18.6,0.0,342.0289855072464,140.8111049448245,0.0,400.0,-0.852265089393736,20.63869115284511,7.224597984462917,0.0,23.200000762939453,-0.03992803181924504,362.089552238806,122.76098988323996,0.0,900.0,-0.5850771803940095,-19.827588843392043,1.0,1.0064770394246747,0.0,0.026865671641791045,0.9731343283582089
session_0031_attack_f0p80,1,0.8,coherent,19.199999999999882,1.2079226507921703e-13,19.200000000000003,19.200000000000003,0.0,349.4117647058824,132.95158730708718,0.0,400.0,-0.7695771844148865,21.348214285714285,7.476204101253891,0.0,24.0,-0.04134198654881591,362.089552238806,122.76098988323996,0.0,900.0,-0.5850771803940095,-19.999999999999986,1.0,1.0113095238095273,0.0,0.020895522388059702,0.9791044776119403
session_0032_attack_f0p80,1,0.8,coherent,22.399999999999853,1.4921397450962104e-13,22.400000000000002,22.400000000000002,0.0,342.0289855072464,140.8111049448245,0.0,400.0,-0.852265089393736,24.895833333333332,8.735762935626186,0.0,28.0,-0.04841176693893821,362.089552238806,122.76098988323996,0.0,900.0,-0.5850771803940095,-19.999999999999993,1.0,1.0452380952380986,0.0,0.026865671641791045,0.9731343283582089
session_0033_attack_f0p80_derate,1,0.8,coherent,7.199999999999987,1.3322676295501878e-14,7.2,7.2,0.0,342.0289855072464,140.8111049448245,0.0,400.0,-0.852265089393736,8.044642857142858,2.811715688070936,0.0,16.0,-0.014830310085857275,362.089552238806,122.76098988323996,0.0,900.0,-0.5850771803940095,-20.0,1.0,0.8840773809523845,0.0,0.026865671641791045,0.9731343283582089
session_0034_attack_f0p90_derate,1,0.9,coherent,9.19999999999995,5.1514348342607263e-14,9.200000000000001,9.200000000000001,0.0,341.04046242774564,141.80122692758212,0.0,400.0,-0.861757657094559,9.078571259975433,3.2134416292903887,0.0,16.0,-0.01736265648549715,361.01190476190476,124.15495253605083,0.0,900.0,-0.5981379663783667,-9.803919882006165,1.0,0.9960040415191722,0.0,0.026785714285714284,0.9732142857142857
session_0035_attack_f0p90_derate,1,0.9,coherent,16.199999999999893,1.0658141036401503e-13,16.2,16.2,0.0,342.0289855072464,140.8111049448245,0.0,400.0,-0.852265089393736,16.026785714285715,5.59303322185273,0.0,18.0,-0.030737315963632453,362.089552238806,122.76098988323996,0.0,900.0,-0.5850771803940095,-10.000000000000004,0.9970238095238095,1.0681919642857167,0.0,0.026865671641791045,0.9731343283582089
session_0036_attack_f0p90_derate,1,0.9,coherent,10.09999999999994,6.217248937900877e-14,10.100000000000001,10.100000000000001,0.0,341.04046242774564,141.80122692758212,0.0,400.0,-0.861757657094559,9.935904876414675,3.5513592523566713,0.0,16.0,-0.01946598789543978,361.01190476190476,124.15495253605083,0.0,900.0,-0.5939937868942695,-9.821427035696614,1.0,1.0323786697447483,0.0,0.026785714285714284,0.9732142857142857
session_0037_attack_f0p90_derate,1,0.9,coherent,20.899999999999867,1.3500311979441904e-13,20.900000000000002,20.900000000000002,0.0,341.04046242774564,141.80122692758212,0.0,400.0,-0.861757657094559,20.56964353152684,7.310146965573657,0.0,23.200000762939453,-0.04086379390451858,361.01190476190476,124.15495253605083,0.0,900.0,-0.5981379663783667,-9.913796065962023,1.0,1.1190841538217058,0.0,0.026785714285714284,0.9732142857142857
session_0038_attack_f0p90,1,0.9,coherent,18.0,0.0,18.0,18.0,0.0,342.0289855072464,140.8111049448245,0.0,400.0,-0.852265089393736,17.800595238095237,6.21960224022759,0.0,20.0,-0.03427220615869359,362.089552238806,122.76098988323996,0.0,900.0,-0.5850771803940095,-10.0,1.0,1.0872767857142882,0.0,0.026865671641791045,0.9731343283582089
session_0039_attack_f0p90,1,0.9,coherent,11.699999999999923,7.815970093361102e-14,11.700000000000001,11.700000000000001,0.0,350.5882352941176,131.6175649030305,0.0,400.0,-0.7542503675230244,11.630952380952381,3.986673520572907,0.0,16.0,-0.021371628504362465,363.2835820895522,121.1682937161946,0.0,900.0,-0.5686069226153238,-9.999999999999993,1.0,1.020182291666669,0.0,0.020895522388059702,0.9791044776119403
session_0040_attack_f0p90,1,0.9,coherent,18.899999999999892,1.1013412404281553e-13,18.900000000000002,18.900000000000002,0.0,340.8695652173913,141.9710026571029,0.0,400.0,-0.8662922202025751,18.625,6.610946459867762,0.0,21.0,-0.03688667725383257,360.8955223880597,124.3218181075346,0.0,900.0,-0.6014197617558061,-9.99999999999999,1.0,1.0971168154761928,0.0,0.026865671641791045,0.9731343283582089
