session_id,label,factor,target,iso_current_mean,iso_current_std,iso_current_min,iso_current_max,iso_current_slope,iso_current_n,iso_voltage_mean,iso_voltage_std,iso_voltage_min,iso_voltage_max,iso_voltage_slope,iso_voltage_n,ocpp_current_mean,ocpp_current_std,ocpp_current_min,ocpp_current_max,ocpp_current_slope,ocpp_current_n,ocpp_voltage_mean,ocpp_voltage_std,ocpp_voltage_min,ocpp_voltage_max,ocpp_voltage_slope,ocpp_voltage_n,cross_rv04_diff_pct_median,cross_rv04_violation_rate,cross_rv04_ratio_mean,cross_rv04_n_checks,cross_rv03_diff_pct_median,cross_rv03_violation_rate,cross_rv03_ratio_mean,cross_rv03_n_checks,cnt_iso_current,cnt_iso_voltage,cnt_ocpp_current,cnt_ocpp_voltage,cnt_powermeter
session_0000_normal_derate,0,1.0,coherent,18.810588567397172,7.235281715781608,0.0,21.600000381469727,-0.042842789445297715,340,350.5882352941176,131.6175649030305,0.0,400.0,-0.7542503675230244,340,19.283928910891216,6.640458994871928,0.0,21.600000381469727,-0.03622205908215994,336,363.2835820895522,121.1682937161946,0.0,900.0,-0.5686069226153238,335,0.0,0.023809523809523808,0.9761904761904762,336,0.0,0.020895522388059702,0.9791044776119403,335,424,424,0,0,419
session_0001_normal,0,1.0,coherent,18.63583815028902,7.910283715477832,0.0,22.0,-0.04939216187578448,346,341.04046242774564,141.80122692758212,0.0,400.0,-0.861757657094559,346,19.44657738095238,6.999828561673611,0.0,22.0,-0.03979131209151361,336,361.01190476190476,124.15495253605083,0.0,900.0,-0.5981379663783667,336,0.0,0.026785714285714284,0.9732142857142857,336,0.0,0.026785714285714284,0.9732142857142857,336,432,432,0,0,420
session_0002_normal_derate,0,1.0,coherent,15.756647721880434,6.685803773666187,0.0,18.600000381469727,-0.041744143196137555,346,341.04046242774564,141.80122692758212,0.0,400.0,-0.861757657094559,346,16.503571765763418,5.84968359678584,0.0,18.600000381469727,-0.032548006738217165,336,361.01190476190476,124.15495253605083,0.0,900.0,-0.5981379663783667,336,0.0,0.026785714285714284,0.9732142857142857,336,0.0,0.026785714285714284,0.9732142857142857,336,432,432,0,0,420
session_0003_normal,0,1.0,coherent,22.08695652173913,9.288826278695865,0.0,26.0,-0.057786226526473285,345,342.0289855072464,140.8111049448245,0.0,400.0,-0.852265089393736,345,23.12202380952381,8.105699975614154,0.0,26.0,-0.044876876743877046,336,362.089552238806,122.76098988323996,0.0,900.0,-0.5850771803940095,335,0.0,0.02976190476190476,0.9703525641025641,336,0.0,0.026865671641791045,0.9731343283582089,335,431,431,0,0,419
session_0004_normal,0,1.0,coherent,23.511764705882353,9.047741502583822,0.0,27.0,-0.05357913232508118,340,350.5882352941176,131.6175649030305,0.0,400.0,-0.7542503675230244,340,24.089285714285715,8.3193909726892,0.0,27.0,-0.045546746977279784,336,363.2835820895522,121.1682937161946,0.0,900.0,-0.5686069226153238,335,0.0,0.023809523809523808,0.9761904761904762,336,0.0,0.020895522388059702,0.9791044776119403,335,424,424,0,0,419
session_0005_normal,0,1.0,coherent,14.45086705202312,6.061740326013042,0.0,17.0,-0.03755161282612679,346,342.1965317919075,140.64190821498778,0.0,400.0,-0.8477938572317345,346,15.139880952380953,5.280361638509877,0.0,17.0,-0.028969870866101886,336,362.20238095238096,122.5955681403875,0.0,900.0,-0.581877598020917,336,0.0,0.026785714285714284,0.9732142857142857,336,0.0,0.026785714285714284,0.9732142857142857,336,432,432,0,0,420
session_0006_normal,0,1.0,coherent,10.197101449275362,4.280253650024567,0.0,12.0,-0.026619110796799475,345,342.0289855072464,140.8111049448245,0.0,400.0,-0.852265089393736,345,10.705357142857142,3.7272445926449955,0.0,16.0,-0.020132645378449002,336,362.089552238806,122.76098988323996,0.0,900.0,-0.5850771803940095,335,0.0,0.02976190476190476,0.970486111111111,336,0.0,0.026865671641791045,0.9731343283582089,335,431,431,0,0,419
session_0007_normal,0,1.0,coherent,17.41764705882353,6.6982645069334374,0.0,20.0,-0.03966164983108444,340,350.5882352941176,131.6175649030305,0.0,400.0,-0.7542503675230244,340,17.860119047619047,6.1442059415757155,0.0,20.0,-0.033459187740821114,336,363.2835820895522,121.1682937161946,0.0,900.0,-0.5686069226153238,335,0.0,0.023809523809523808,0.9761904761904762,336,0.0,0.020895522388059702,0.9791044776119403,335,424,424,0,0,419
session_0008_normal,0,1.0,coherent,22.93623188405797,9.646595419763724,0.0,27.0,-0.06001244907859286,345,342.0289855072464,140.8111049448245,0.0,400.0,-0.852265089393736,345,24.008928571428573,8.42066852309544,0.0,27.0,-0.04664432184140763,336,362.089552238806,122.76098988323996,0.0,900.0,-0.5850771803940095,335,0.0,0.02976190476190476,0.9703483245149911,336,0.0,0.026865671641791045,0.9731343283582089,335,431,431,0,0,419
session_0009_normal_derate,0,1.0,coherent,16.82144862741664,7.070682467871258,0.0,19.799999237060547,-0.04398364500485901,345,342.0289855072464,140.8111049448245,0.0,400.0,-0.852265089393736,345,17.62321360905965,6.156882023095186,0.0,19.799999237060547,-0.03391871579073389,336,362.089552238806,122.76098988323996,0.0,900.0,-0.5850771803940095,335,0.0,0.02976190476190476,0.9703884078941998,336,0.0,0.026865671641791045,0.9731343283582089,335,431,431,0,0,419
session_0010_normal,0,1.0,coherent,19.53913043478261,8.215524671052233,0.0,23.0,-0.05110755887011462,345,342.0289855072464,140.8111049448245,0.0,400.0,-0.852265089393736,345,20.395833333333332,7.2383638489866975,0.0,23.0,-0.040456524077366454,336,362.20238095238096,122.5955681403875,0.0,900.0,-0.5778599583683953,336,0.0,0.02976190476190476,0.9703674948240165,336,0.0,0.026785714285714284,0.9732142857142857,336,431,431,0,0,420
session_0011_normal,0,1.0,coherent,27.08529411764706,10.288561105391619,0.0,31.0,-0.06033468638798524,340,351.7647058823529,130.25925705470186,0.0,400.0,-0.7388014246001517,340,27.651785714285715,9.557199188833202,0.0,31.0,-0.05240821116967093,336,364.5833333333333,119.38011602932292,0.0,900.0,-0.5452126818219205,336,0.0,0.023809523809523808,0.9761904761904762,336,0.0,0.023809523809523808,0.9761904761904762,336,424,424,0,0,420
session_0012_normal,0,1.0,coherent,16.491176470588236,6.423983904412611,0.0,19.0,-0.03840146184859119,340,349.4117647058824,132.95158730708718,0.0,400.0,-0.7695771844148865,340,16.913690476190474,5.906135082986229,0.0,19.0,-0.03250476106116303,336,362.089552238806,122.76098988323996,0.0,900.0,-0.5850771803940095,335,0.0,0.023809523809523808,0.9761904761904762,336,0.0,0.020895522388059702,0.9791044776119403,335,424,424,0,0,419
session_0013_normal_derate,0,1.0,coherent,12.020000166051528,4.617391739228586,0.0,13.800000190734863,-0.027334737144194335,340,350.5882352941176,131.6175649030305,0.0,400.0,-0.7542503675230244,340,12.342857312588464,4.231494382878542,0.0,16.0,-0.022753064175031878,336,363.2835820895522,121.1682937161946,0.0,900.0,-0.5686069226153238,335,0.0,0.023809523809523808,0.9761904761904762,336,0.0,0.020895522388059702,0.9791044776119403,335,424,424,0,0,419
session_0014_normal_derate,0,1.0,coherent,8.697970851953478,3.607113909659527,0.0,10.199999809265137,-0.022251237184188123,345,343.18840579710144,139.63194636359043,0.0,400.0,-0.838121065828156,345,9.139285544554392,3.136783169671212,0.0,16.0,-0.016536604480419145,336,363.2835820895522,121.1682937161946,0.0,900.0,-0.5686069226153238,335,0.0,0.02976190476190476,0.9705298786235701,336,0.0,0.026865671641791045,0.9731343283582089,335,431,431,0,0,419
session_0015_normal_derate,0,1.0,coherent,12.788405797101449,5.310518308498135,0.0,15.0,-0.03276737756944891,345,343.18840579710144,139.63194636359043,0.0,400.0,-0.838121065828156,345,13.36919642857143,4.648029434941487,0.0,16.0,-0.02555558103927164,336,363.2835820895522,121.1682937161946,0.0,900.0,-0.5686069226153238,335,0.0,0.02976190476190476,0.9704365079365079,336,0.0,0.026865671641791045,0.9731343283582089,335,431,431,0,0,419
session_0016_normal,0,1.0,coherent,9.58235294117647,3.677712731339419,0.0,11.0,-0.021767743767374333,340,350.5882352941176,131.6175649030305,0.0,400.0,-0.7542503675230244,340,9.851190476190476,3.378221356741947,0.0,16.0,-0.01791804015108856,336,363.2835820895522,121.1682937161946,0.0,900.0,-0.5686069226153238,335,0.0,0.023809523809523808,0.9761904761904762,336,0.0,0.020895522388059702,0.9791044776119403,335,424,424,0,0,419
session_0017_normal_derate,0,1.0,coherent,18.052940514508414,7.033919044483501,0.0,20.799999237060547,-0.042049212191227814,340,349.4117647058824,132.95158730708718,0.0,400.0,-0.7695771844148865,340,18.510118370964413,6.470603065384844,0.0,20.799999237060547,-0.035686160888264463,336,362.20238095238096,122.5955681403875,0.0,900.0,-0.581877598020917,336,0.0,0.023809523809523808,0.9761904761904762,336,0.0,0.023809523809523808,0.9761904761904762,336,425,425,0,0,420
session_0018_normal,0,1.0,coherent,8.498550724637681,3.5648238265156507,0.0,10.0,-0.022166665692560355,345,342.0289855072464,140.8111049448245,0.0,400.0,-0.852265089393736,345,8.931547619047619,3.1145900877,0.0,16.0,-0.016597755183387845,336,362.089552238806,122.76098988323996,0.0,900.0,-0.5850771803940095,335,0.0,0.02976190476190476,0.9705357142857144,336,0.0,0.026865671641791045,0.9731343283582089,335,431,431,0,0,419
session_0019_normal_derate,0,1.0,coherent,15.328235626220703,5.892749646364859,0.0,17.600000381469727,-0.034889942305871016,340,350.5882352941176,131.6175649030305,0.0,400.0,-0.7542503675230244,340,15.724405101367406,5.4014218555800495,0.0,17.600000381469727,-0.029314882375612136,336,363.2835820895522,121.1682937161946,0.0,900.0,-0.5686069226153238,335,0.0,0.023809523809523808,0.9761904761904762,336,0.0,0.020895522388059702,0.9791044776119403,335,424,424,0,0,419
session_0020_normal,0,1.0,coherent,10.452941176470588,4.013304000015424,0.0,12.0,-0.02375595555223101,340,350.5882352941176,131.6175649030305,0.0,400.0,-0.7542503675230244,340,10.741071428571429,3.6817088158111795,0.0,16.0,-0.01964483432772551,336,363.2835820895522,121.1682937161946,0.0,900.0,-0.5686069226153238,335,0.0,0.023809523809523808,0.9761904761904762,336,0.0,0.020895522388059702,0.9791044776119403,335,424,424,0,0,419
session_0021_normal,0,1.0,coherent,18.288235294117648,7.033899625715219,0.0,21.0,-0.04164986161594112,340,350.5882352941176,131.6175649030305,0.0,400.0,-0.7542503675230244,340,18.75,6.454280602455869,0.0,21.0,-0.035185981917458066,336,363.2835820895522,121.1682937161946,0.0,900.0,-0.5686069226153238,335,0.0,0.023809523809523808,0.9761904761904762,336,0.0,0.020895522388059702,0.9791044776119403,335,424,424,0,0,419
session_0022_normal_derate,0,1.0,coherent,13.412940844367531,5.154376384395814,0.0,15.399999618530273,-0.03051587486230111,340,350.5882352941176,131.6175649030305,0.0,400.0,-0.7542503675230244,340,13.766666327204023,4.722900860899195,0.0,16.0,-0.02551593386957144,336,363.2835820895522,121.1682937161946,0.0,900.0,-0.5686069226153238,335,0.0,0.023809523809523808,0.9761904761904762,336,0.0,0.020895522388059702,0.9791044776119403,335,424,424,0,0,419
session_0023_normal_derate,0,1.0,coherent,14.826162465783053,6.169666032461339,0.0,17.399999618530273,-0.03822693864281114,344,343.0232558139535,139.80110262932988,0.0,400.0,-0.8423268195043437,344,15.49464251881554,5.405373738220784,0.0,17.399999618530273,-0.029676848230887308,336,362.089552238806,122.76098988323996,0.0,900.0,-0.5850771803940095,335,0.0,0.02976190476190476,0.9704091406715113,336,0.0,0.026865671641791045,0.9731343283582089,335,430,430,0,0,419
session_0024_normal_derate,0,1.0,coherent,12.542352609073415,4.818759206334221,0.0,14.399999618530273,-0.028527663077444428,340,350.5882352941176,131.6175649030305,0.0,400.0,-0.7542503675230244,340,12.87678537482307,4.415522734079292,0.0,16.0,-0.023789139692934485,336,363.2835820895522,121.1682937161946,0.0,900.0,-0.5686069226153238,335,0.0,0.023809523809523808,0.9761904761904762,336,0.0,0.020895522388059702,0.9791044776119403,335,424,424,0,0,419
session_0025_normal_derate,0,1.0,coherent,7.318823197308709,2.8052468095514933,0.0,8.399999618530273,-0.01659839236830437,340,350.5882352941176,131.6175649030305,0.0,400.0,-0.7542503675230244,340,7.537499660537357,2.5997752325278123,0.0,16.0,-0.013428374633112784,336,363.2835820895522,121.1682937161946,0.0,900.0,-0.5686069226153238,335,0.0,0.023809523809523808,0.9761904761904762,336,0.0,0.020895522388059702,0.9791044776119403,335,424,424,0,0,419
session_0026_normal_derate,0,1.0,coherent,9.059999667896944,3.47636376006838,0.0,10.399999618530273,-0.020574815938017722,340,350.5882352941176,131.6175649030305,0.0,400.0,-0.7542503675230244,340,9.317261565299262,3.197012944568133,0.0,16.0,-0.016881962986386688,336,363.2835820895522,121.1682937161946,0.0,900.0,-0.5686069226153238,335,0.0,0.023809523809523808,0.9761904761904762,336,0.0,0.020895522388059702,0.9791044776119403,335,424,424,0,0,419
session_0027_normal_derate,0,1.0,coherent,19.507058491426356,7.5037916700806555,0.0,22.399999618530273,-0.04443335735629785,340,350.5882352941176,131.6175649030305,0.0,400.0,-0.7542503675230244,340,19.99583299387069,6.888835346791993,0.0,22.399999618530273,-0.037603493106030096,336,363.2835820895522,121.1682937161946,0.0,900.0,-0.5686069226153238,335,0.0,0.023809523809523808,0.9761904761904762,336,0.0,0.020895522388059702,0.9791044776119403,335,424,424,0,0,419
session_0028_normal,0,1.0,coherent,22.641176470588235,8.712098337337936,0.0,26.0,-0.051590920540224496,340,350.5882352941176,131.6175649030305,0.0,400.0,-0.7542503675230244,340,23.125,8.097388982464244,0.0,26.0,-0.04483116422972041,336,363.39285714285717,121.00437987519128,0.0,900.0,-0.5615995900109457,336,0.0,0.023809523809523808,0.9761904761904762,336,0.0,0.023809523809523808,0.9761904761904762,336,424,424,0,0,420
session_0029_normal,0,1.0,coherent,14.805882352941177,5.691373305609658,0.0,17.0,-0.0336970144765144,340,350.5882352941176,131.6175649030305,0.0,400.0,-0.7542503675230244,340,15.19047619047619,5.216106444457331,0.0,17.0,-0.02827880521091027,336,363.2835820895522,121.1682937161946,0.0,900.0,-0.5686069226153238,335,0.0,0.023809523809523808,0.9761904761904762,336,0.0,0.020895522388059702,0.9791044776119403,335,424,424,0,0,419
session_0030_normal_derate,0,1.0,coherent,14.631764041676242,5.62424791360927,0.0,16.799999237060547,-0.033299370602657856,340,350.5882352941176,131.6175649030305,0.0,400.0,-0.7542503675230244,340,14.965475513821556,5.2096289882607305,0.0,16.799999237060547,-0.028570667983985512,336,363.39285714285717,121.00437987519128,0.0,900.0,-0.5615995900109457,336,0.0,0.023809523809523808,0.9761904761904762,336,0.0,0.023809523809523808,0.9761904761904762,336,424,424,0,0,420
session_0031_normal_derate,0,1.0,coherent,14.631764041676242,5.62424791360927,0.0,16.799999237060547,-0.033299370602657856,340,350.5882352941176,131.6175649030305,0.0,400.0,-0.7542503675230244,340,15.012499321074714,5.154374784402106,0.0,16.799999237060547,-0.027933445058143463,336,363.2835820895522,121.1682937161946,0.0,900.0,-0.5686069226153238,335,0.0,0.023809523809523808,0.9761904761904762,336,0.0,0.020895522388059702,0.9791044776119403,335,424,424,0,0,419
session_0032_normal_derate,0,1.0,coherent,14.631764041676242,5.62424791360927,0.0,16.799999237060547,-0.033299370602657856,340,350.5882352941176,131.6175649030305,0.0,400.0,-0.7542503675230244,340,15.012499321074714,5.154374784402106,0.0,16.799999237060547,-0.027933445058143463,336,363.2835820895522,121.1682937161946,0.0,900.0,-0.5686069226153238,335,0.0,0.023809523809523808,0.9761904761904762,336,0.0,0.020895522388059702,0.9791044776119403,335,424,424,0,0,419
session_0033_normal,0,1.0,coherent,19.158823529411766,7.369536566443797,0.0,22.0,-0.04363807340079779,340,350.5882352941176,131.6175649030305,0.0,400.0,-0.7542503675230244,340,19.639880952380953,6.764628239890416,0.0,22.0,-0.036912776094095025,336,363.2835820895522,121.1682937161946,0.0,900.0,-0.5686069226153238,335,0.0,0.023809523809523808,0.9761904761904762,336,0.0,0.020895522388059702,0.9791044776119403,335,424,424,0,0,419
session_0034_normal_derate,0,1.0,coherent,12.542352609073415,4.818759206334221,0.0,14.399999618530273,-0.028527663077444428,340,350.5882352941176,131.6175649030305,0.0,400.0,-0.7542503675230244,340,12.87678537482307,4.415522734079292,0.0,16.0,-0.023789139692934485,336,363.2835820895522,121.1682937161946,0.0,900.0,-0.5686069226153238,335,0.0,0.023809523809523808,0.9761904761904762,336,0.0,0.020895522388059702,0.9791044776119403,335,424,424,0,0,419
session_0035_normal,0,1.0,coherent,20.9,8.040815001127246,0.0,24.0,-0.047614496970511136,340,350.5882352941176,131.6175649030305,0.0,400.0,-0.7542503675230244,340,21.351190476190474,7.467899463188448,0.0,24.0,-0.04129627403465926,336,363.39285714285717,121.00437987519128,0.0,900.0,-0.5615995900109457,336,0.0,0.023809523809523808,0.9761904761904762,336,0.0,0.023809523809523808,0.9761904761904762,336,424,424,0,0,420
session_0036_normal,0,1.0,coherent,8.527536231884058,3.5361439760990723,0.0,10.0,-0.021813065103420865,345,343.18840579710144,139.63194636359043,0.0,400.0,-0.838121065828156,345,8.961309523809524,3.0766483308649444,0.0,16.0,-0.016191245974451606,336,363.2835820895522,121.1682937161946,0.0,900.0,-0.5686069226153238,335,0.0,0.02976190476190476,0.9705357142857144,336,0.0,0.026865671641791045,0.9731343283582089,335,431,431,0,0,419
session_0037_normal_derate,0,1.0,coherent,20.9,8.040815001127246,0.0,24.0,-0.047614496970511136,340,350.5882352941176,131.6175649030305,0.0,400.0,-0.7542503675230244,340,21.419642857142858,7.386004775189067,0.0,24.0,-0.04036636444736892,336,363.2835820895522,121.1682937161946,0.0,900.0,-0.5686069226153238,335,0.0,0.023809523809523808,0.9761904761904762,336,0.0,0.020895522388059702,0.9791044776119403,335,424,424,0,0,419
session_0038_normal,0,1.0,coherent,10.452941176470588,4.013304000015424,0.0,12.0,-0.02375595555223101,340,350.5882352941176,131.6175649030305,0.0,400.0,-0.7542503675230244,340,10.741071428571429,3.6817088158111795,0.0,16.0,-0.01964483432772551,336,363.2835820895522,121.1682937161946,0.0,900.0,-0.5686069226153238,335,0.0,0.023809523809523808,0.9761904761904762,336,0.0,0.020895522388059702,0.9791044776119403,335,424,424,0,0,419
session_0039_normal,0,1.0,coherent,12.744927536231884,5.3534638991392,0.0,15.0,-0.03329777845315815,345,342.0289855072464,140.8111049448245,0.0,400.0,-0.852265089393736,345,13.366071428571429,4.656655891316863,0.0,16.0,-0.025434980671040722,336,362.089552238806,122.76098988323996,0.0,900.0,-0.5850771803940095,335,0.0,0.02976190476190476,0.9704365079365079,336,0.0,0.026865671641791045,0.9731343283582089,335,431,431,0,0,419
session_0040_normal,0,1.0,coherent,13.640579710144927,5.665412960390642,0.0,16.0,-0.03495824006265453,345,343.18840579710144,139.63194636359043,0.0,400.0,-0.838121065828156,345,14.255952380952381,4.959955145497936,0.0,16.0,-0.02715671325441466,336,363.39285714285717,121.00437987519128,0.0,900.0,-0.5615995900109457,336,0.0,0.02976190476190476,0.9704241071428571,336,0.0,0.026785714285714284,0.9732142857142857,336,431,431,0,0,420
session_0041_normal_derate,0,1.0,coherent,17.840579710144926,7.499996499334054,0.0,21.0,-0.04665511376587551,345,342.0289855072464,140.8111049448245,0.0,400.0,-0.852265089393736,345,18.6875,6.533382113824209,0.0,21.0,-0.03603965125622418,336,362.089552238806,122.76098988323996,0.0,900.0,-0.5850771803940095,335,0.0,0.02976190476190476,0.9703798185941043,336,0.0,0.026865671641791045,0.9731343283582089,335,431,431,0,0,419
session_0042_normal_derate,0,1.0,coherent,7.841176470588235,3.006572960840652,0.0,9.0,-0.017791320197660984,340,350.5882352941176,131.6175649030305,0.0,400.0,-0.7542503675230244,340,8.071428571428571,2.7776133738196482,0.0,16.0,-0.014464451797814658,336,363.2835820895522,121.1682937161946,0.0,900.0,-0.5686069226153238,335,0.0,0.023809523809523808,0.9761904761904762,336,0.0,0.020895522388059702,0.9791044776119403,335,424,424,0,0,419
session_0043_normal,0,1.0,coherent,9.379710144927536,3.890999637220953,0.0,11.0,-0.024003927596626475,345,343.18840579710144,139.63194636359043,0.0,400.0,-0.838121065828156,345,9.851190476190476,3.378221356741947,0.0,16.0,-0.01791804015108856,336,363.2835820895522,121.1682937161946,0.0,900.0,-0.5686069226153238,335,0.0,0.02976190476190476,0.9705086580086579,336,0.0,0.026865671641791045,0.9731343283582089,335,431,431,0,0,419
session_0044_normal_derate,0,1.0,coherent,11.725797263435695,4.9241730380926345,0.0,13.800000190734863,-0.03062631181523293,345,342.0289855072464,140.8111049448245,0.0,400.0,-0.852265089393736,345,12.301785883449373,4.283800847269128,0.0,16.0,-0.023314046891117445,336,362.089552238806,122.76098988323996,0.0,900.0,-0.5850771803940095,335,0.0,0.02976190476190476,0.9704537612116501,336,0.0,0.026865671641791045,0.9731343283582089,335,431,431,0,0,419
session_0045_normal,0,1.0,coherent,16.19710144927536,6.730117707145012,0.0,19.0,-0.041530827542271324,345,343.18840579710144,139.63194636359043,0.0,400.0,-0.838121065828156,345,16.970238095238095,5.834447779841,0.0,19.0,-0.03173239356418417,336,363.2835820895522,121.1682937161946,0.0,900.0,-0.5686069226153238,335,0.0,0.02976190476190476,0.9703947368421052,336,0.0,0.026865671641791045,0.9731343283582089,335,431,431,0,0,419
session_0046_normal,0,1.0,coherent,26.123529411764707,10.054675787429018,0.0,30.0,-0.05954376767965128,340,350.5882352941176,131.6175649030305,0.0,400.0,-0.7542503675230244,340,26.758928571428573,9.253936294749332,0.0,30.0,-0.050727129507190626,336,363.2835820895522,121.1682937161946,0.0,900.0,-0.5686069226153238,335,0.0,0.023809523809523808,0.9761904761904762,336,0.0,0.020895522388059702,0.9791044776119403,335,424,424,0,0,419
session_0047_normal,0,1.0,coherent,14.443478260869565,6.068963053057948,0.0,17.0,-0.03775022355739726,345,342.0289855072464,140.8111049448245,0.0,400.0,-0.852265089393736,345,15.139880952380953,5.280361638509877,0.0,17.0,-0.028969870866101886,336,362.089552238806,122.76098988323996,0.0,900.0,-0.5850771803940095,335,0.0,0.02976190476190476,0.9704131652661064,336,0.0,0.026865671641791045,0.9731343283582089,335,431,431,0,0,419
session_0048_normal,0,1.0,coherent,16.54705882352941,6.362631498426969,0.0,19.0,-0.03767343804622777,340,350.5882352941176,131.6175649030305,0.0,400.0,-0.7542503675230244,340,16.916666666666668,5.897857426406835,0.0,19.0,-0.03245904854700638,336,363.39285714285717,121.00437987519128,0.0,900.0,-0.5615995900109457,336,0.0,0.023809523809523808,0.9761904761904762,336,0.0,0.023809523809523808,0.9761904761904762,336,424,424,0,0,420
session_0049_normal_derate,0,1.0,coherent,13.679130758755448,5.746986678678846,0.0,16.100000381469727,-0.0357466241097262,345,342.0289855072464,140.8111049448245,0.0,400.0,-0.852265089393736,345,14.341667004993983,4.999391947084973,0.0,16.100000381469727,-0.027379170952551154,336,362.089552238806,122.76098988323996,0.0,900.0,-0.5850771803940095,335,0.0,0.02976190476190476,0.9704229517850314,336,0.0,0.026865671641791045,0.9731343283582089,335,431,431,0,0,419
session_0050_normal_derate,0,1.0,coherent,10.452941176470588,4.013304000015424,0.0,12.0,-0.02375595555223101,340,350.5882352941176,131.6175649030305,0.0,400.0,-0.7542503675230244,340,10.741071428571429,3.6817088158111795,0.0,16.0,-0.01964483432772551,336,363.2835820895522,121.1682937161946,0.0,900.0,-0.5686069226153238,335,0.0,0.023809523809523808,0.9761904761904762,336,0.0,0.020895522388059702,0.9791044776119403,335,424,424,0,0,419
session_0051_normal,0,1.0,coherent,0.8764705882352941,0.32904391225757634,0.0,1.0,-0.001885625918807562,340,350.5882352941176,131.6175649030305,0.0,400.0,-0.7542503675230244,340,1.0238805970149254,1.577650771207678,0.0,25.0,0.0006131659921095973,335,363.1736526946108,121.33286634510904,0.0,900.0,-0.5757102173225151,334,0.0,0.020895522388059702,0.9791044776119403,335,0.0,0.017964071856287425,0.9820359281437125,334,424,424,0,0,418
session_0052_normal_derate,0,1.0,coherent,14.620349163232847,6.013298758608139,0.0,17.100000381469727,-0.03695372208102615,344,344.1860465116279,138.601529541873,0.0,400.0,-0.8280001297066564,344,15.231547957374936,5.303347443574434,0.0,17.100000381469727,-0.02910090353592509,336,363.39285714285717,121.00437987519128,0.0,900.0,-0.5615995900109457,336,0.0,0.02976190476190476,0.9704121414608904,336,0.0,0.026785714285714284,0.9732142857142857,336,430,430,0,0,420
session_0053_normal_derate,0,1.0,coherent,12.277101124196813,5.097583577944376,0.0,14.399999618530273,-0.031452859237777825,345,343.18840579710144,139.63194636359043,0.0,400.0,-0.838121065828156,345,12.87678537482307,4.415522734079292,0.0,16.0,-0.023789139692934485,336,363.2835820895522,121.1682937161946,0.0,900.0,-0.5686069226153238,335,0.0,0.02976190476190476,0.9704447751377503,336,0.0,0.026865671641791045,0.9731343283582089,335,431,431,0,0,419
session_0000_normal,0,1.0,coherent,8.68235294117647,3.374512652241565,0.0,10.0,-0.02016270240481421,340,349.4117647058824,132.95158730708718,0.0,400.0,-0.7695771844148865,340,8.931547619047619,3.1145900877,0.0,16.0,-0.016597755183387845,336,362.089552238806,122.76098988323996,0.0,900.0,-0.5850771803940095,335,0.0,0.023809523809523808,0.9761904761904762,336,0.0,0.020895522388059702,0.9791044776119403,335,424,424,0,0,419
session_0001_normal,0,1.0,coherent,22.564705882352943,8.795984456588911,0.0,26.0,-0.052587163638195544,340,349.4117647058824,132.95158730708718,0.0,400.0,-0.7695771844148865,340,23.12202380952381,8.105699975614154,0.0,26.0,-0.044876876743877046,336,362.089552238806,122.76098988323996,0.0,900.0,-0.5850771803940095,335,0.0,0.023809523809523808,0.9761904761904762,336,0.0,0.020895522388059702,0.9791044776119403,335,424,424,0,0,419
session_0002_normal,0,1.0,coherent,10.41764705882353,4.052121491430739,0.0,12.0,-0.024215760058986877,340,349.4117647058824,132.95158730708718,0.0,400.0,-0.7695771844148865,340,10.705357142857142,3.7272445926449955,0.0,16.0,-0.020132645378449002,336,362.089552238806,122.76098988323996,0.0,900.0,-0.5850771803940095,335,0.0,0.023809523809523808,0.9761904761904762,336,0.0,0.020895522388059702,0.9791044776119403,335,424,424,0,0,419
session_0003_normal,0,1.0,coherent,20.029411764705884,7.705175091027528,0.0,23.0,-0.04562628518565446,340,350.5882352941176,131.6175649030305,0.0,400.0,-0.7542503675230244,340,20.529761904761905,7.075212932382231,0.0,23.0,-0.03863957027073196,336,363.2835820895522,121.1682937161946,0.0,900.0,-0.5686069226153238,335,0.0,0.023809523809523808,0.9761904761904762,336,0.0,0.020895522388059702,0.9791044776119403,335,424,424,0,0,419
session_0004_normal,0,1.0,coherent,17.41764705882353,6.6982645069334374,0.0,20.0,-0.03966164983108444,340,350.5882352941176,131.6175649030305,0.0,400.0,-0.7542503675230244,340,17.860119047619047,6.1442059415757155,0.0,20.0,-0.033459187740821114,336,363.2835820895522,121.1682937161946,0.0,900.0,-0.5686069226153238,335,0.0,0.023809523809523808,0.9761904761904762,336,0.0,0.020895522388059702,0.9791044776119403,335,424,424,0,0,419
session_0005_normal,0,1.0,coherent,27.27536231884058,11.344006983158225,0.0,32.0,-0.07001203995394426,345,343.18840579710144,139.63194636359043,0.0,400.0,-0.838121065828156,345,28.538690476190474,9.8774480123931,0.0,32.0,-0.054180717860464515,336,363.2835820895522,121.1682937161946,0.0,900.0,-0.5686069226153238,335,0.0,0.02976190476190476,0.9703311011904762,336,0.0,0.026865671641791045,0.9731343283582089,335,431,431,0,0,419
session_0006_normal,0,1.0,coherent,22.564705882352943,8.795984456588911,0.0,26.0,-0.052587163638195544,340,349.4117647058824,132.95158730708718,0.0,400.0,-0.7695771844148865,340,23.12202380952381,8.105699975614154,0.0,26.0,-0.044876876743877046,336,362.089552238806,122.76098988323996,0.0,900.0,-0.5850771803940095,335,0.0,0.023809523809523808,0.9761904761904762,336,0.0,0.020895522388059702,0.9791044776119403,335,424,424,0,0,419
session_0007_normal,0,1.0,coherent,25.25294117647059,9.719030310324703,0.0,29.0,-0.05755555589479456,340,350.5882352941176,131.6175649030305,0.0,400.0,-0.7542503675230244,340,25.86904761904762,8.942314819500917,0.0,29.0,-0.04900033533055367,336,363.2835820895522,121.1682937161946,0.0,900.0,-0.5686069226153238,335,0.0,0.023809523809523808,0.9761904761904762,336,0.0,0.020895522388059702,0.9791044776119403,335,424,424,0,0,419
session_0008_normal,0,1.0,coherent,16.991304347826087,7.142234845518018,0.0,20.0,-0.04442889121375594,345,342.0289855072464,140.8111049448245,0.0,400.0,-0.852265089393736,345,17.800595238095237,6.21960224022759,0.0,20.0,-0.03427220615869359,336,362.089552238806,122.76098988323996,0.0,900.0,-0.5850771803940095,335,0.0,0.02976190476190476,0.9703869047619048,336,0.0,0.026865671641791045,0.9731343283582089,335,431,431,0,0,419
session_0009_normal,0,1.0,coherent,9.58235294117647,3.677712731339419,0.0,11.0,-0.021767743767374333,340,350.5882352941176,131.6175649030305,0.0,400.0,-0.7542503675230244,340,9.851190476190476,3.378221356741947,0.0,16.0,-0.01791804015108856,336,363.2835820895522,121.1682937161946,0.0,900.0,-0.5686069226153238,335,0.0,0.023809523809523808,0.9761904761904762,336,0.0,0.020895522388059702,0.9791044776119403,335,424,424,0,0,419
session_0010_normal,0,1.0,coherent,26.99411764705882,10.390321887570934,0.0,31.0,-0.061531979464507884,340,350.5882352941176,131.6175649030305,0.0,400.0,-0.7542503675230244,340,27.648809523809526,9.565650278440728,0.0,31.0,-0.052453923683827584,336,363.2835820895522,121.1682937161946,0.0,900.0,-0.5686069226153238,335,0.0,0.023809523809523808,0.9761904761904762,336,0.0,0.020895522388059702,0.9791044776119403,335,424,424,0,0,419
session_0011_normal,0,1.0,coherent,26.99411764705882,10.390321887570934,0.0,31.0,-0.061531979464507884,340,350.5882352941176,131.6175649030305,0.0,400.0,-0.7542503675230244,340,27.648809523809526,9.565650278440728,0.0,31.0,-0.052453923683827584,336,363.2835820895522,121.1682937161946,0.0,900.0,-0.5686069226153238,335,0.0,0.023809523809523808,0.9761904761904762,336,0.0,0.020895522388059702,0.9791044776119403,335,424,424,0,0,419
session_0012_normal,0,1.0,coherent,9.58235294117647,3.677712731339419,0.0,11.0,-0.021767743767374333,340,350.5882352941176,131.6175649030305,0.0,400.0,-0.7542503675230244,340,9.851190476190476,3.378221356741947,0.0,16.0,-0.01791804015108856,336,363.2835820895522,121.1682937161946,0.0,900.0,-0.5686069226153238,335,0.0,0.023809523809523808,0.9761904761904762,336,0.0,0.020895522388059702,0.9791044776119403,335,424,424,0,0,419
session_0013_normal,0,1.0,coherent,18.288235294117648,7.033899625715219,0.0,21.0,-0.04164986161594112,340,350.5882352941176,131.6175649030305,0.0,400.0,-0.7542503675230244,340,18.75,6.454280602455869,0.0,21.0,-0.035185981917458066,336,363.2835820895522,121.1682937161946,0.0,900.0,-0.5686069226153238,335,0.0,0.023809523809523808,0.9761904761904762,336,0.0,0.020895522388059702,0.9791044776119403,335,424,424,0,0,419
session_0014_normal,0,1.0,coherent,22.641176470588235,8.712098337337936,0.0,26.0,-0.051590920540224496,340,350.5882352941176,131.6175649030305,0.0,400.0,-0.7542503675230244,340,23.199404761904763,8.008113423152334,0.0,26.0,-0.04381995280064283,336,363.2835820895522,121.1682937161946,0.0,900.0,-0.5686069226153238,335,0.0,0.023809523809523808,0.9761904761904762,336,0.0,0.020895522388059702,0.9791044776119403,335,424,424,0,0,419
session_0015_normal,0,1.0,coherent,14.373076923076923,2.983809863542774,0.0,15.0,-0.013849431090810401,260,386.15384615384613,73.12144392809935,0.0,400.0,-0.303554786313407,260,14.7890625,1.7077596057682563,1.0,16.0,-0.004802300297550927,256,401.953125,31.188905122404908,400.0,900.0,0.04381008239871824,256,0.0,0.02734375,0.97265625,256,0.0,0.02734375,0.97265625,256,324,324,0,0,320
session_0000_normal,0,1.0,coherent,23.797687861271676,9.992459317351639,0.0,28.0,-0.06191120095197191,346,342.1965317919075,140.64190821498778,0.0,400.0,-0.8477938572317345,346,24.895833333333332,8.735762935626186,0.0,28.0,-0.04841176693893821,336,362.20238095238096,122.5955681403875,0.0,900.0,-0.581877598020917,336,0.0,0.026785714285714284,0.9732142857142857,336,0.0,0.026785714285714284,0.9732142857142857,336,432,432,0,0,420
session_0001_normal,0,1.0,coherent,25.94705882352941,10.246526966679623,0.0,30.0,-0.06183363076110468,340,348.2352941176471,134.2620481664668,0.0,400.0,-0.7847818752757375,340,26.580357142857142,9.476447991685266,0.0,30.0,-0.05315669427343993,336,361.01190476190476,124.15495253605083,0.0,900.0,-0.5981379663783667,336,0.0,0.023809523809523808,0.9761904761904762,336,0.0,0.023809523809523808,0.9761904761904762,336,425,425,0,0,420
session_0002_normal,0,1.0,coherent,11.046376811594202,4.637983685784937,0.0,13.0,-0.028845333348919033,345,342.0289855072464,140.8111049448245,0.0,400.0,-0.852265089393736,345,11.592261904761905,4.0359765594647286,0.0,16.0,-0.021900090475979572,336,362.089552238806,122.76098988323996,0.0,900.0,-0.5850771803940095,335,0.0,0.02976190476190476,0.9704670329670331,336,0.0,0.026865671641791045,0.9731343283582089,335,431,431,0,0,419
session_0003_normal,0,1.0,coherent,26.25722543352601,11.151622777321553,0.0,31.0,-0.06963691947566221,346,341.04046242774564,141.80122692758212,0.0,400.0,-0.861757657094559,346,27.464285714285715,9.795463513391123,0.0,31.0,-0.054964473942285194,336,361.01190476190476,124.15495253605083,0.0,900.0,-0.5981379663783667,336,0.0,0.026785714285714284,0.9732142857142857,336,0.0,0.026785714285714284,0.9732142857142857,336,432,432,0,0,420
session_0004_normal,0,1.0,coherent,20.329479768786126,8.63057465088531,0.0,24.0,-0.0538909968979795,346,341.04046242774564,141.80122692758212,0.0,400.0,-0.861757657094559,346,21.216617210682493,7.633517171162568,0.0,24.0,-0.04298814059713396,337,361.01190476190476,124.15495253605083,0.0,900.0,-0.5939937868942695,336,0.0,0.02967359050445104,0.9704500494559842,337,0.0,0.026785714285714284,0.9732142857142857,336,432,432,0,0,421
session_0005_normal,0,1.0,coherent,22.488235294117647,8.878419464067399,0.0,26.0,-0.05357546854415085,340,348.2352941176471,134.2620481664668,0.0,400.0,-0.7847818752757375,340,23.044642857142858,8.201395489042524,0.0,26.0,-0.045925575598058876,336,361.01190476190476,124.15495253605083,0.0,900.0,-0.5981379663783667,336,0.0,0.023809523809523808,0.9761904761904762,336,0.0,0.023809523809523808,0.9761904761904762,336,425,425,0,0,420
session_0006_normal,0,1.0,coherent,16.942196531791907,7.189998659553496,0.0,20.0,-0.04489332685358941,346,341.04046242774564,141.80122692758212,0.0,400.0,-0.861757657094559,346,17.741071428571427,6.293532492407841,0.0,20.0,-0.03507889758498732,336,361.01190476190476,124.15495253605083,0.0,900.0,-0.5981379663783667,336,0.0,0.026785714285714284,0.9732142857142857,336,0.0,0.026785714285714284,0.9732142857142857,336,432,432,0,0,420
session_0007_normal,0,1.0,coherent,15.248554913294798,6.469721446831048,0.0,18.0,-0.04039449183139437,346,341.04046242774564,141.80122692758212,0.0,400.0,-0.861757657094559,346,15.928783382789318,5.709664564554024,0.0,18.0,-0.03196213168251515,337,361.01190476190476,124.15495253605083,0.0,900.0,-0.5939937868942695,336,0.0,0.02967359050445104,0.9704912627761292,337,0.0,0.026785714285714284,0.9732142857142857,336,432,432,0,0,421
session_0008_normal,0,1.0,coherent,27.770588235294117,10.829168927206705,0.0,32.0,-0.06474633660071352,340,349.4117647058824,132.95158730708718,0.0,400.0,-0.7695771844148865,340,28.362017804154302,10.093308566945538,0.0,32.0,-0.056415252175352607,337,362.20238095238096,122.5955681403875,0.0,900.0,-0.5778599583683953,336,0.0,0.026706231454005934,0.973293768545994,337,0.0,0.023809523809523808,0.9761904761904762,336,425,425,0,0,421
session_0009_normal,0,1.0,coherent,12.708092485549132,5.389327212785957,0.0,15.0,-0.03364623929810178,346,341.04046242774564,141.80122692758212,0.0,400.0,-0.861757657094559,346,13.321428571428571,4.71234628216064,0.0,16.0,-0.026039999240761016,336,361.01190476190476,124.15495253605083,0.0,900.0,-0.5981379663783667,336,0.0,0.026785714285714284,0.9732142857142857,336,0.0,0.026785714285714284,0.9732142857142857,336,432,432,0,0,420
session_0010_normal,0,1.0,coherent,24.563583815028903,10.431319719331091,0.0,29.0,-0.06513808445346717,346,341.04046242774564,141.80122692758212,0.0,400.0,-0.861757657094559,346,25.696428571428573,9.157522882315721,0.0,29.0,-0.05134891460459466,336,361.01190476190476,124.15495253605083,0.0,900.0,-0.5981379663783667,336,0.0,0.026785714285714284,0.9732142857142857,336,0.0,0.026785714285714284,0.9732142857142857,336,432,432,0,0,420
session_0011_normal,0,1.0,coherent,19.094117647058823,7.440546357883013,0.0,22.0,-0.044481048329850205,340,349.4117647058824,132.95158730708718,0.0,400.0,-0.7695771844148865,340,19.574404761904763,6.84743171373494,0.0,22.0,-0.03780709635375476,336,362.089552238806,122.76098988323996,0.0,900.0,-0.5850771803940095,335,0.0,0.023809523809523808,0.9761904761904762,336,0.0,0.020895522388059702,0.9791044776119403,335,424,424,0,0,419
session_0012_normal,0,1.0,coherent,19.094117647058823,7.440546357883013,0.0,22.0,-0.044481048329850205,340,349.4117647058824,132.95158730708718,0.0,400.0,-0.7695771844148865,340,19.574404761904763,6.84743171373494,0.0,22.0,-0.03780709635375476,336,362.20238095238096,122.5955681403875,0.0,900.0,-0.581877598020917,336,0.0,0.023809523809523808,0.9761904761904762,336,0.0,0.023809523809523808,0.9761904761904762,336,425,425,0,0,420
session_0013_normal,0,1.0,coherent,23.716763005780347,10.071169114126556,0.0,28.0,-0.06288866694236964,346,341.04046242774564,141.80122692758212,0.0,400.0,-0.861757657094559,346,24.8125,8.838697972282914,0.0,28.0,-0.0495411349357494,336,361.01190476190476,124.15495253605083,0.0,900.0,-0.5981379663783667,336,0.0,0.026785714285714284,0.9732142857142857,336,0.0,0.026785714285714284,0.9732142857142857,336,432,432,0,0,420
session_0014_normal,0,1.0,coherent,9.320809248554914,3.948874930654189,0.0,11.0,-0.02464856925371167,346,341.04046242774564,141.80122692758212,0.0,400.0,-0.861757657094559,346,9.785714285714286,3.4609090072497715,0.0,16.0,-0.018808880565379965,336,361.01190476190476,124.15495253605083,0.0,900.0,-0.5981379663783667,336,0.0,0.026785714285714284,0.9732142857142857,336,0.0,0.026785714285714284,0.9732142857142857,336,432,432,0,0,420
session_0015_normal,0,1.0,coherent,27.770588235294117,10.829168927206705,0.0,32.0,-0.06474633660071352,340,349.4117647058824,132.95158730708718,0.0,400.0,-0.7695771844148865,340,28.44345238095238,9.99716114395525,0.0,32.0,-0.055481547329060514,336,362.20238095238096,122.5955681403875,0.0,900.0,-0.581877598020917,336,0.0,0.023809523809523808,0.9761904761904762,336,0.0,0.023809523809523808,0.9761904761904762,336,425,425,0,0,420
session_0016_normal,0,1.0,coherent,15.248554913294798,6.469721446831048,0.0,18.0,-0.04039449183139437,346,341.04046242774564,141.80122692758212,0.0,400.0,-0.861757657094559,346,15.928783382789318,5.709664564554024,0.0,18.0,-0.03196213168251515,337,361.01190476190476,124.15495253605083,0.0,900.0,-0.5939937868942695,336,0.0,0.02967359050445104,0.9704912627761292,337,0.0,0.026785714285714284,0.9732142857142857,336,432,432,0,0,421
session_0000_attack_f0p75,1,0.75,coherent,18.800000000000118,1.1723955140041653e-13,18.8,18.8,0.0,363,351.62241887905606,130.4248522838499,0.0,400.0,-0.742833028901984,339,22.3125,7.6885403864328845,0.0,25.0,-0.04204744610984923,336,364.5833333333333,119.38011602932292,0.0,900.0,-0.5452126818219205,336,-24.799999999999997,1.0,1.016735119047622,336,0.0,0.026785714285714284,0.9732142857142857,336,453,423,0,0,420
session_0001_attack_f0p75,1,0.75,coherent,12.0,0.0,12.0,12.0,0.0,361,349.4117647058824,132.95158730708718,0.0,400.0,-0.7695771844148865,340,14.213649851632047,5.012926084122314,0.0,16.0,-0.027649678557005657,337,362.20238095238096,122.5955681403875,0.0,900.0,-0.5778599583683953,336,-25.0,1.0,0.9235905044510386,337,0.0,0.023809523809523808,0.9761904761904762,336,451,425,0,0,421
session_0002_attack_f0p75,1,0.75,coherent,20.30000000000012,1.2079226507921703e-13,20.3,20.3,0.0,359,349.4117647058824,132.95158730708718,0.0,400.0,-0.7695771844148865,340,24.008928571428573,8.42066852309544,0.0,27.0,-0.04664432184140763,336,362.089552238806,122.76098988323996,0.0,900.0,-0.5850771803940095,335,-24.814814814814813,1.0,0.9802696483686077,336,0.0,0.020895522388059702,0.9791044776119403,335,448,424,0,0,419
session_0003_attack_f0p75,1,0.75,coherent,22.5,0.0,22.5,22.5,0.0,359,342.0289855072464,140.8111049448245,0.0,400.0,-0.852265089393736,345,26.669642857142858,9.366278539632104,0.0,30.0,-0.05194665713399935,336,362.089552238806,122.76098988323996,0.0,900.0,-0.5850771803940095,335,-25.0,1.0,1.001953125,336,0.0,0.026865671641791045,0.9731343283582089,335,448,431,0,0,419
session_0004_attack_f0p75,1,0.75,coherent,21.800000000000125,1.2434497875801753e-13,21.8,21.8,0.0,356,342.1965317919075,140.64190821498778,0.0,400.0,-0.8477938572317345,346,25.782738095238095,9.050970067871242,0.0,29.0,-0.05017921203646876,336,362.20238095238096,122.5955681403875,0.0,900.0,-0.581877598020917,336,-24.827586206896548,1.0,0.9960603961412153,336,0.0,0.026785714285714284,0.9732142857142857,336,445,432,0,0,420
session_0005_attack_f0p75,1,0.75,coherent,17.30000000000011,1.1013412404281553e-13,17.3,17.3,0.0,359,342.0289855072464,140.8111049448245,0.0,400.0,-0.852265089393736,345,20.461309523809526,7.161715556605054,0.0,23.0,-0.039574541451285326,336,362.089552238806,122.76098988323996,0.0,900.0,-0.5850771803940095,335,-24.78260869565217,1.0,0.9487472502588042,336,0.0,0.026865671641791045,0.9731343283582089,335,448,431,0,0,419
session_0006_attack_f0p75,1,0.75,coherent,24.0,0.0,24.0,24.0,0.0,360,342.0289855072464,140.8111049448245,0.0,400.0,-0.852265089393736,345,28.44345238095238,9.99716114395525,0.0,32.0,-0.055481547329060514,336,362.089552238806,122.76098988323996,0.0,900.0,-0.5850771803940095,335,-25.0,1.0,1.0178571428571428,336,0.0,0.026865671641791045,0.9731343283582089,335,449,431,0,0,419
session_0007_attack_f0p75,1,0.75,coherent,22.5,0.0,22.5,22.5,0.0,359,342.0289855072464,140.8111049448245,0.0,400.0,-0.852265089393736,345,26.580357142857142,9.476447991685266,0.0,30.0,-0.05315669427343993,336,361.01190476190476,124.15495253605083,0.0,900.0,-0.5981379663783667,336,-25.0,1.0,1.0026971726190477,336,0.0,0.023809523809523808,0.9761904761904762,336,448,431,0,0,420
session_0008_attack_f0p75,1,0.75,coherent,21.0,0.0,21.0,21.0,0.0,359,349.4117647058824,132.95158730708718,0.0,400.0,-0.7695771844148865,340,24.895833333333332,8.735762935626186,0.0,28.0,-0.04841176693893821,336,362.089552238806,122.76098988323996,0.0,900.0,-0.5850771803940095,335,-25.0,1.0,0.9860491071428571,336,0.0,0.020895522388059702,0.9791044776119403,335,448,424,0,0,419
session_0009_attack_f0p75,1,0.75,coherent,20.30000000000012,1.2079226507921703e-13,20.3,20.3,0.0,361,350.5882352941176,131.6175649030305,0.0,400.0,-0.7542503675230244,340,24.089285714285715,8.3193909726892,0.0,27.0,-0.045546746977279784,336,363.2835820895522,121.1682937161946,0.0,900.0,-0.5686069226153238,335,-24.814814814814813,1.0,0.9795311122134048,336,0.0,0.020895522388059702,0.9791044776119403,335,451,424,0,0,419
session_0010_attack_f0p75,1,0.75,coherent,18.0,0.0,18.0,18.0,0.0,360,343.18840579710144,139.63194636359043,0.0,400.0,-0.838121065828156,345,21.419642857142858,7.386004775189067,0.0,24.0,-0.04036636444736892,336,363.2835820895522,121.1682937161946,0.0,900.0,-0.5686069226153238,335,-25.0,1.0,0.9534970238095238,336,0.0,0.026865671641791045,0.9731343283582089,335,449,431,0,0,419
session_0011_attack_f0p75,1,0.75,coherent,20.30000000000012,1.2079226507921703e-13,20.3,20.3,0.0,358,342.0289855072464,140.8111049448245,0.0,400.0,-0.852265089393736,345,24.008928571428573,8.42066852309544,0.0,27.0,-0.04664432184140763,336,362.089552238806,122.76098988323996,0.0,900.0,-0.5850771803940095,335,-24.814814814814813,1.0,0.9802696483686077,336,0.0,0.026865671641791045,0.9731343283582089,335,447,431,0,0,419
session_0012_attack_f0p75,1,0.75,coherent,21.800000000000125,1.2434497875801753e-13,21.8,21.8,0.0,360,350.5882352941176,131.6175649030305,0.0,400.0,-0.7542503675230244,340,25.86904761904762,8.942314819500917,0.0,29.0,-0.04900033533055367,336,363.2835820895522,121.1682937161946,0.0,900.0,-0.5686069226153238,335,-24.827586206896548,1.0,0.9953214798850577,336,0.0,0.020895522388059702,0.9791044776119403,335,449,424,0,0,419
session_0013_attack_f0p75,1,0.75,coherent,8.300000000000034,3.375077994860476e-14,8.3,8.3,0.0,359,342.0289855072464,140.8111049448245,0.0,400.0,-0.852265089393736,345,9.818452380952381,3.4199718023230554,0.0,16.0,-0.01836520028091843,336,362.089552238806,122.76098988323996,0.0,900.0,-0.5850771803940095,335,-24.54545454545454,1.0,0.8554264745670973,336,0.0,0.026865671641791045,0.9731343283582089,335,448,431,0,0,419
session_0014_attack_f0p75,1,0.75,coherent,12.800000000000086,8.526512829121202e-14,12.8,12.8,0.0,359,350.5882352941176,131.6175649030305,0.0,400.0,-0.7542503675230244,340,15.19047619047619,5.216106444457331,0.0,17.0,-0.02827880521091027,336,363.2835820895522,121.1682937161946,0.0,900.0,-0.5686069226153238,335,-24.70588235294117,1.0,0.9009803921568608,336,0.0,0.020895522388059702,0.9791044776119403,335,448,424,0,0,419
session_0015_attack_f0p75,1,0.75,coherent,15.800000000000104,1.0302869668521453e-13,15.8,15.8,0.0,360,342.0289855072464,140.8111049448245,0.0,400.0,-0.852265089393736,345,18.6875,6.533382113824209,0.0,21.0,-0.03603965125622418,336,362.089552238806,122.76098988323996,0.0,900.0,-0.5850771803940095,335,-24.761904761904756,0.9970238095238095,0.9330268565759601,336,0.0,0.026865671641791045,0.9731343283582089,335,449,431,0,0,419
session_0016_attack_f0p75,1,0.75,coherent,15.0,0.0,15.0,15.0,0.0,362,342.1965317919075,140.64190821498778,0.0,400.0,-0.8477938572317345,346,17.75074183976261,6.277240296537559,0.0,20.0,-0.0348410719615924,337,362.20238095238096,122.5955681403875,0.0,900.0,-0.5778599583683953,336,-25.0,1.0,0.964206231454006,337,0.0,0.026785714285714284,0.9732142857142857,336,452,432,0,0,421
session_0017_attack_f0p75,1,0.75,coherent,19.5,0.0,19.5,19.5,0.0,358,343.18840579710144,139.63194636359043,0.0,400.0,-0.838121065828156,345,23.125,8.097388982464244,0.0,26.0,-0.04483116422972041,336,363.39285714285717,121.00437987519128,0.0,900.0,-0.5615995900109457,336,-25.0,1.0,1.0252046130952381,336,0.0,0.026785714285714284,0.9732142857142857,336,447,431,0,0,420
session_0018_attack_f0p75,1,0.75,coherent,23.300000000000104,1.0302869668521453e-13,23.3,23.3,0.0,361,350.5882352941176,131.6175649030305,0.0,400.0,-0.7542503675230244,340,27.55952380952381,9.673357114698122,0.0,31.0,-0.05402459934325826,336,363.2835820895522,121.1682937161946,0.0,900.0,-0.5686069226153238,335,-24.838709677419352,1.0,1.0782348070276488,336,0.0,0.020895522388059702,0.9791044776119403,335,451,424,0,0,419
session_0019_attack_f0p75,1,0.75,coherent,15.0,0.0,15.0,15.0,0.0,361,350.5882352941176,131.6175649030305,0.0,400.0,-0.7542503675230244,340,17.860119047619047,6.1442059415757155,0.0,20.0,-0.033459187740821114,336,363.2835820895522,121.1682937161946,0.0,900.0,-0.5686069226153238,335,-25.0,1.0,0.9216889880952381,336,0.0,0.020895522388059702,0.9791044776119403,335,451,424,0,0,419
session_0020_attack_f0p75,1,0.75,coherent,11.300000000000075,7.460698725481052e-14,11.3,11.3,0.0,361,350.5882352941176,131.6175649030305,0.0,400.0,-0.7542503675230244,340,13.369047619047619,4.648424622807482,0.0,16.0,-0.025389268156884078,336,363.39285714285717,121.00437987519128,0.0,900.0,-0.5615995900109457,336,-24.66666666666666,1.0,0.916814236111109,336,0.0,0.023809523809523808,0.9761904761904762,336,451,424,0,0,420
session_0021_attack_f0p75,1,0.75,coherent,18.800000000000118,1.1723955140041653e-13,18.8,18.8,0.0,360,350.5882352941176,131.6175649030305,0.0,400.0,-0.7542503675230244,340,22.30952380952381,7.696978675144134,0.0,25.0,-0.04209315862400587,336,363.2835820895522,121.1682937161946,0.0,900.0,-0.5686069226153238,335,-24.799999999999997,1.0,0.9637589285714314,336,0.0,0.020895522388059702,0.9791044776119403,335,450,424,0,0,419
session_0022_attack_f0p75,1,0.75,coherent,20.30000000000012,1.2079226507921703e-13,20.3,20.3,0.0,360,342.0289855072464,140.8111049448245,0.0,400.0,-0.852265089393736,345,24.008928571428573,8.42066852309544,0.0,27.0,-0.04664432184140763,336,362.089552238806,122.76098988323996,0.0,900.0,-0.5850771803940095,335,-24.814814814814813,1.0,0.9802696483686077,336,0.0,0.026865671641791045,0.9731343283582089,335,449,431,0,0,419
session_0023_attack_f0p75,1,0.75,coherent,10.5,0.0,10.5,10.5,0.0,361,350.5882352941176,131.6175649030305,0.0,400.0,-0.7542503675230244,340,12.520833333333334,4.2928006476883676,0.0,16.0,-0.023098422680999407,336,363.2835820895522,121.1682937161946,0.0,900.0,-0.5686069226153238,335,-25.0,1.0,0.8739769345238095,336,0.0,0.020895522388059702,0.9791044776119403,335,451,424,0,0,419
session_0024_attack_f0p75,1,0.75,coherent,11.300000000000074,7.283063041541027e-14,11.3,11.3,0.0,359,350.5882352941176,131.6175649030305,0.0,400.0,-0.7542503675230244,340,13.410714285714286,4.599858120408841,0.0,16.0,-0.024825216857636362,336,363.2835820895522,121.1682937161946,0.0,900.0,-0.5686069226153238,335,-24.66666666666666,1.0,0.8854253472222201,336,0.0,0.020895522388059702,0.9791044776119403,335,448,424,0,0,419
session_0025_attack_f0p75,1,0.75,coherent,9.0,0.0,9.0,9.0,0.0,360,350.5882352941176,131.6175649030305,0.0,400.0,-0.7542503675230244,340,10.741071428571429,3.6817088158111795,0.0,16.0,-0.01964483432772551,336,363.2835820895522,121.1682937161946,0.0,900.0,-0.5686069226153238,335,-25.0,1.0,0.8580729166666666,336,0.0,0.020895522388059702,0.9791044776119403,335,450,424,0,0,419
session_0026_attack_f0p75,1,0.75,coherent,17.30000000000011,1.1013412404281553e-13,17.3,17.3,0.0,360,350.5882352941176,131.6175649030305,0.0,400.0,-0.7542503675230244,340,20.529761904761905,7.075212932382231,0.0,23.0,-0.03863957027073196,336,363.2835820895522,121.1682937161946,0.0,900.0,-0.5686069226153238,335,-24.78260869565217,1.0,0.9480096726190529,336,0.0,0.020895522388059702,0.9791044776119403,335,450,424,0,0,419
session_0027_attack_f0p75,1,0.75,coherent,21.0,0.0,21.0,21.0,0.0,358,350.5882352941176,131.6175649030305,0.0,400.0,-0.7542503675230244,340,24.979166666666668,8.63079587296523,0.0,28.0,-0.047273541153916715,336,363.2835820895522,121.1682937161946,0.0,900.0,-0.5686069226153238,335,-25.0,1.0,0.9853050595238095,336,0.0,0.020895522388059702,0.9791044776119403,335,447,424,0,0,419
session_0028_attack_f0p75,1,0.75,coherent,10.5,0.0,10.5,10.5,0.0,358,350.5882352941176,131.6175649030305,0.0,400.0,-0.7542503675230244,340,12.520833333333334,4.2928006476883676,0.0,16.0,-0.023098422680999407,336,363.2835820895522,121.1682937161946,0.0,900.0,-0.5686069226153238,335,-25.0,1.0,0.8739769345238095,336,0.0,0.020895522388059702,0.9791044776119403,335,447,424,0,0,419
session_0029_attack_f0p75,1,0.75,coherent,22.5,0.0,22.5,22.5,0.0,360,350.5882352941176,131.6175649030305,0.0,400.0,-0.7542503675230244,340,26.758928571428573,9.253936294749332,0.0,30.0,-0.050727129507190626,336,363.2835820895522,121.1682937161946,0.0,900.0,-0.5686069226153238,335,-25.0,1.0,1.0012090773809523,336,0.0,0.020895522388059702,0.9791044776119403,335,449,424,0,0,419
session_0030_attack_f0p80,1,0.8,coherent,11.199999999999926,7.460698725481052e-14,11.200000000000001,11.200000000000001,0.0,360,342.0289855072464,140.8111049448245,0.0,400.0,-0.852265089393736,345,12.44047619047619,4.389791161309308,0.0,16.0,-0.02418650705775911,336,362.20238095238096,122.5955681403875,0.0,900.0,-0.5778599583683953,336,-19.999999999999993,1.0,0.9574404761904797,336,0.0,0.026785714285714284,0.9732142857142857,336,449,431,0,0,420
session_0031_attack_f0p80,1,0.8,coherent,11.199999999999926,7.460698725481052e-14,11.200000000000001,11.200000000000001,0.0,359,343.18840579710144,139.63194636359043,0.0,400.0,-0.838121065828156,345,12.482291666666667,4.337251137164567,0.0,16.0,-0.023776431007320326,336,363.2835820895522,121.1682937161946,0.0,900.0,-0.5686069226153238,335,-19.999999999999993,1.0,0.9552579365079401,336,0.0,0.026865671641791045,0.9731343283582089,335,448,431,0,0,419
session_0032_attack_f0p80,1,0.8,coherent,22.399999999999853,1.4921397450962104e-13,22.400000000000002,22.400000000000002,0.0,360,350.5882352941176,131.6175649030305,0.0,400.0,-0.7542503675230244,340,24.979166666666668,8.63079587296523,0.0,28.0,-0.047273541153916715,336,363.2835820895522,121.1682937161946,0.0,900.0,-0.5686069226153238,335,-19.999999999999993,1.0,1.0446428571428605,336,0.0,0.020895522388059702,0.9791044776119403,335,449,424,0,0,419
session_0033_attack_f0p80,1,0.8,coherent,12.0,0.0,12.0,12.0,0.0,358,342.0289855072464,140.8111049448245,0.0,400.0,-0.852265089393736,345,13.366071428571429,4.656655891316863,0.0,16.0,-0.025434980671040722,336,362.089552238806,122.76098988323996,0.0,900.0,-0.5850771803940095,335,-20.0,1.0,0.9349702380952417,336,0.0,0.026865671641791045,0.9731343283582089,335,447,431,0,0,419
session_0034_attack_f0p80,1,0.8,coherent,12.0,0.0,12.0,12.0,0.0,361,350.5882352941176,131.6175649030305,0.0,400.0,-0.7542503675230244,340,13.410714285714286,4.599858120408841,0.0,16.0,-0.024825216857636362,336,363.2835820895522,121.1682937161946,0.0,900.0,-0.5686069226153238,335,-20.0,1.0,0.9343750000000037,336,0.0,0.020895522388059702,0.9791044776119403,335,451,424,0,0,419
session_0035_attack_f0p80,1,0.8,coherent,19.199999999999882,1.2079226507921703e-13,19.200000000000003,19.200000000000003,0.0,360,350.5882352941176,131.6175649030305,0.0,400.0,-0.7542503675230244,340,21.419642857142858,7.386004775189067,0.0,24.0,-0.04036636444736892,336,363.2835820895522,121.1682937161946,0.0,900.0,-0.5686069226153238,335,-19.999999999999986,1.0,1.0107142857142895,336,0.0,0.020895522388059702,0.9791044776119403,335,450,424,0,0,419
session_0036_attack_f0p80,1,0.8,coherent,13.600000000000003,1.7763568394002505e-15,13.600000000000001,13.600000000000001,0.0,358,350.5882352941176,131.6175649030305,0.0,400.0,-0.7542503675230244,340,15.19047619047619,5.216106444457331,0.0,17.0,-0.02827880521091027,336,363.2835820895522,121.1682937161946,0.0,900.0,-0.5686069226153238,335,-19.999999999999993,1.0,0.9513392857142897,336,0.0,0.020895522388059702,0.9791044776119403,335,447,424,0,0,419
session_0037_attack_f0p80,1,0.8,coherent,24.800000000000058,5.684341886080802e-14,24.8,24.8,0.0,359,349.4117647058824,132.95158730708718,0.0,400.0,-0.7695771844148865,340,27.55654761904762,9.681678449776946,0.0,31.0,-0.05371410223152992,336,362.089552238806,122.76098988323996,0.0,900.0,-0.5850771803940095,335,-20.0,1.0,1.0706845238095275,336,0.0,0.020895522388059702,0.9791044776119403,335,448,424,0,0,419
session_0038_attack_f0p80,1,0.8,coherent,9.599999999999941,6.039613253960852e-14,9.600000000000001,9.600000000000001,0.0,358,343.18840579710144,139.63194636359043,0.0,400.0,-0.838121065828156,345,10.741071428571429,3.6817088158111795,0.0,16.0,-0.01964483432772551,336,363.2835820895522,121.1682937161946,0.0,900.0,-0.5686069226153238,335,-19.999999999999986,1.0,0.9089285714285756,336,0.0,0.026865671641791045,0.9731343283582089,335,447,431,0,0,419
session_0039_attack_f0p80,1,0.8,coherent,20.800000000000125,1.2434497875801753e-13,20.8,20.8,0.0,359,350.5882352941176,131.6175649030305,0.0,400.0,-0.7542503675230244,340,23.199404761904763,8.008113423152334,0.0,26.0,-0.04381995280064283,336,363.2835820895522,121.1682937161946,0.0,900.0,-0.5686069226153238,335,-20.0,1.0,1.0276785714285752,336,0.0,0.020895522388059702,0.9791044776119403,335,448,424,0,0,419
session_0040_attack_f0p80,1,0.8,coherent,17.600000000000087,8.526512829121202e-14,17.6,17.6,0.0,360,350.5882352941176,131.6175649030305,0.0,400.0,-0.7542503675230244,340,19.639880952380953,6.764628239890416,0.0,22.0,-0.036912776094095025,336,363.2835820895522,121.1682937161946,0.0,900.0,-0.5686069226153238,335,-19.999999999999993,1.0,0.993750000000004,336,0.0,0.020895522388059702,0.9791044776119403,335,450,424,0,0,419
session_0041_attack_f0p80,1,0.8,coherent,22.399999999999853,1.4921397450962104e-13,22.400000000000002,22.400000000000002,0.0,361,350.5882352941176,131.6175649030305,0.0,400.0,-0.7542503675230244,340,24.89970238095238,8.725017050440105,0.0,28.0,-0.048671347585936366,336,363.2835820895522,121.1682937161946,0.0,900.0,-0.5686069226153238,335,-19.999999999999993,1.0,1.0935439560439595,336,0.0,0.020895522388059702,0.9791044776119403,335,451,424,0,0,419
session_0042_attack_f0p80,1,0.8,coherent,14.399999999999974,2.6645352591003757e-14,14.4,14.4,0.0,361,343.18840579710144,139.63194636359043,0.0,400.0,-0.838121065828156,345,16.080357142857142,5.525059350344569,0.0,18.0,-0.030005599387547214,336,363.2835820895522,121.1682937161946,0.0,900.0,-0.5686069226153238,335,-20.0,1.0,0.9598214285714319,336,0.0,0.026865671641791045,0.9731343283582089,335,451,431,0,0,419
session_0043_attack_f0p80,1,0.8,coherent,8.0,0.0,8.0,8.0,0.0,360,350.5882352941176,131.6175649030305,0.0,400.0,-0.7542503675230244,340,8.935416666666667,3.1042830155568297,0.0,16.0,-0.016646647010812827,336,363.2835820895522,121.1682937161946,0.0,900.0,-0.5686069226153238,335,-20.0,1.0,0.9078983516483552,336,0.0,0.020895522388059702,0.9791044776119403,335,450,424,0,0,419
session_0044_attack_f0p80,1,0.8,coherent,20.0,0.0,20.0,20.0,0.0,360,343.18840579710144,139.63194636359043,0.0,400.0,-0.838121065828156,345,22.30952380952381,7.696978675144134,0.0,25.0,-0.04209315862400587,336,363.2835820895522,121.1682937161946,0.0,900.0,-0.5686069226153238,335,-20.0,1.0,1.0191964285714323,336,0.0,0.026865671641791045,0.9731343283582089,335,449,431,0,0,419
session_0045_attack_f0p80,1,0.8,coherent,12.0,0.0,12.0,12.0,0.0,360,350.5882352941176,131.6175649030305,0.0,400.0,-0.7542503675230244,340,13.410714285714286,4.599858120408841,0.0,16.0,-0.024825216857636362,336,363.2835820895522,121.1682937161946,0.0,900.0,-0.5686069226153238,335,-20.0,1.0,0.9343750000000037,336,0.0,0.020895522388059702,0.9791044776119403,335,449,424,0,0,419
session_0046_attack_f0p80,1,0.8,coherent,12.0,0.0,12.0,12.0,0.0,358,350.5882352941176,131.6175649030305,0.0,400.0,-0.7542503675230244,340,13.369047619047619,4.648424622807482,0.0,16.0,-0.025389268156884078,336,363.39285714285717,121.00437987519128,0.0,900.0,-0.5615995900109457,336,-20.0,1.0,0.967708333333337,336,0.0,0.023809523809523808,0.9761904761904762,336,447,424,0,0,420
session_0047_attack_f0p80,1,0.8,coherent,21.60000000000014,1.3855583347321954e-13,21.6,21.6,0.0,360,350.5882352941176,131.6175649030305,0.0,400.0,-0.7542503675230244,340,24.089285714285715,8.3193909726892,0.0,27.0,-0.045546746977279784,336,363.2835820895522,121.1682937161946,0.0,900.0,-0.5686069226153238,335,-19.999999999999996,1.0,1.0361607142857183,336,0.0,0.020895522388059702,0.9791044776119403,335,450,424,0,0,419
session_0048_attack_f0p80,1,0.8,coherent,18.399999999999903,9.947598300641403e-14,18.400000000000002,18.400000000000002,0.0,360,350.5882352941176,131.6175649030305,0.0,400.0,-0.7542503675230244,340,20.464285714285715,7.153414816534476,0.0,23.0,-0.03952882893712869,336,363.39285714285717,121.00437987519128,0.0,900.0,-0.5615995900109457,336,-19.99999999999999,1.0,1.0546130952380985,336,0.0,0.023809523809523808,0.9761904761904762,336,450,424,0,0,420
session_0049_attack_f0p80,1,0.8,coherent,20.0,0.0,20.0,20.0,0.0,361,350.5882352941176,131.6175649030305,0.0,400.0,-0.7542503675230244,340,22.30952380952381,7.696978675144134,0.0,25.0,-0.04209315862400587,336,363.2835820895522,121.1682937161946,0.0,900.0,-0.5686069226153238,335,-20.0,1.0,1.0191964285714323,336,0.0,0.020895522388059702,0.9791044776119403,335,451,424,0,0,419
session_0050_attack_f0p80,1,0.8,coherent,17.600000000000087,8.526512829121202e-14,17.6,17.6,0.0,360,350.5882352941176,131.6175649030305,0.0,400.0,-0.7542503675230244,340,19.577380952380953,6.839135478477561,0.0,22.0,-0.03776138383959811,336,363.39285714285717,121.00437987519128,0.0,900.0,-0.5615995900109457,336,-19.999999999999993,1.0,1.043750000000004,336,0.0,0.023809523809523808,0.9761904761904762,336,450,424,0,0,420
session_0051_attack_f0p80,1,0.8,coherent,20.800000000000125,1.2434497875801753e-13,20.8,20.8,0.0,360,350.5882352941176,131.6175649030305,0.0,400.0,-0.7542503675230244,340,23.125,8.097388982464244,0.0,26.0,-0.04483116422972041,336,363.39285714285717,121.00437987519128,0.0,900.0,-0.5615995900109457,336,-20.0,1.0,1.0872023809523848,336,0.0,0.023809523809523808,0.9761904761904762,336,450,424,0,0,420
session_0052_attack_f0p80,1,0.8,coherent,12.800000000000086,8.526512829121202e-14,12.8,12.8,0.0,360,342.0289855072464,140.8111049448245,0.0,400.0,-0.852265089393736,345,14.25297619047619,4.968201571653065,0.0,16.0,-0.027202425768571306,336,362.089552238806,122.76098988323996,0.0,900.0,-0.5850771803940095,335,-19.999999999999996,1.0,0.9434523809523847,336,0.0,0.026865671641791045,0.9731343283582089,335,449,431,0,0,419
session_0053_attack_f0p80,1,0.8,coherent,16.0,0.0,16.0,16.0,0.0,362,350.5882352941176,131.6175649030305,0.0,400.0,-0.7542503675230244,340,17.860119047619047,6.1442059415757155,0.0,20.0,-0.033459187740821114,336,363.2835820895522,121.1682937161946,0.0,900.0,-0.5686069226153238,335,-20.0,0.9970238095238095,0.9767857142857179,336,0.0,0.020895522388059702,0.9791044776119403,335,452,424,0,0,419
session_0054_attack_f0p80,1,0.8,coherent,24.80000000000005,4.973799150320701e-14,24.8,24.8,0.0,362,350.5882352941176,131.6175649030305,0.0,400.0,-0.7542503675230244,340,27.648809523809526,9.565650278440728,0.0,31.0,-0.052453923683827584,336,363.2835820895522,121.1682937161946,0.0,900.0,-0.5686069226153238,335,-20.0,1.0,1.0700892857142894,336,0.0,0.020895522388059702,0.9791044776119403,335,452,424,0,0,419
session_0055_attack_f0p80,1,0.8,coherent,18.3999999999999,1.0302869668521453e-13,18.400000000000002,18.400000000000002,0.0,362,350.5882352941176,131.6175649030305,0.0,400.0,-0.7542503675230244,340,20.464285714285715,7.153414816534476,0.0,23.0,-0.03952882893712869,336,363.39285714285717,121.00437987519128,0.0,900.0,-0.5615995900109457,336,-19.99999999999999,1.0,1.0546130952380985,336,0.0,0.023809523809523808,0.9761904761904762,336,452,424,0,0,420
session_0056_attack_f0p80,1,0.8,coherent,19.199999999999882,1.2079226507921703e-13,19.200000000000003,19.200000000000003,0.0,361,342.0289855072464,140.8111049448245,0.0,400.0,-0.852265089393736,345,21.348214285714285,7.476204101253891,0.0,24.0,-0.04134198654881591,336,362.089552238806,122.76098988323996,0.0,900.0,-0.5850771803940095,335,-19.999999999999986,1.0,1.0113095238095273,336,0.0,0.026865671641791045,0.9731343283582089,335,451,431,0,0,419
session_0057_attack_f0p80,1,0.8,coherent,20.0,0.0,20.0,20.0,0.0,361,350.5882352941176,131.6175649030305,0.0,400.0,-0.7542503675230244,340,22.30952380952381,7.696978675144134,0.0,25.0,-0.04209315862400587,336,363.2835820895522,121.1682937161946,0.0,900.0,-0.5686069226153238,335,-20.0,1.0,1.0191964285714323,336,0.0,0.020895522388059702,0.9791044776119403,335,451,424,0,0,419
session_0058_attack_f0p80,1,0.8,coherent,24.800000000000054,5.3290705182007514e-14,24.8,24.8,0.0,360,350.5882352941176,131.6175649030305,0.0,400.0,-0.7542503675230244,340,27.648809523809526,9.565650278440728,0.0,31.0,-0.052453923683827584,336,363.2835820895522,121.1682937161946,0.0,900.0,-0.5686069226153238,335,-20.0,1.0,1.0700892857142894,336,0.0,0.020895522388059702,0.9791044776119403,335,449,424,0,0,419
session_0059_attack_f0p80,1,0.8,coherent,20.0,0.0,20.0,20.0,0.0,362,350.5882352941176,131.6175649030305,0.0,400.0,-0.7542503675230244,340,22.30952380952381,7.696978675144134,0.0,25.0,-0.04209315862400587,336,363.2835820895522,121.1682937161946,0.0,900.0,-0.5686069226153238,335,-20.0,1.0,1.0191964285714323,336,0.0,0.020895522388059702,0.9791044776119403,335,452,424,0,0,419
session_0060_attack_f0p90,1,0.9,coherent,25.199999999999957,4.618527782440651e-14,25.200000000000003,25.200000000000003,0.0,361,349.4117647058824,132.95158730708718,0.0,400.0,-0.7695771844148865,340,24.81547619047619,8.830507104669792,0.0,28.0,-0.04949542242159276,336,362.20238095238096,122.5955681403875,0.0,900.0,-0.5778599583683953,336,-9.99999999999999,1.0,1.2359375000000026,336,0.0,0.023809523809523808,0.9761904761904762,336,451,424,0,0,420
session_0061_attack_f0p90,1,0.9,coherent,15.300000000000102,1.0125233984581428e-13,15.3,15.3,0.0,362,349.4117647058824,132.95158730708718,0.0,400.0,-0.7695771844148865,340,15.139880952380953,5.280361638509877,0.0,17.0,-0.028969870866101886,336,362.089552238806,122.76098988323996,0.0,900.0,-0.5850771803940095,335,-9.999999999999996,1.0,1.058649553571431,336,0.0,0.020895522388059702,0.9791044776119403,335,452,424,0,0,419
session_0062_attack_f0p90,1,0.9,coherent,9.0,0.0,9.0,9.0,0.0,363,343.18840579710144,139.63194636359043,0.0,400.0,-0.838121065828156,345,8.961309523809524,3.0766483308649444,0.0,16.0,-0.016191245974451606,336,363.2835820895522,121.1682937161946,0.0,900.0,-0.5686069226153238,335,-10.0,1.0,0.991555059523812,336,0.0,0.026865671641791045,0.9731343283582089,335,453,431,0,0,419
session_0063_attack_f0p90,1,0.9,coherent,15.300000000000102,1.0125233984581428e-13,15.3,15.3,0.0,362,350.5882352941176,131.6175649030305,0.0,400.0,-0.7542503675230244,340,15.142857142857142,5.272102808862028,0.0,17.0,-0.028924158351945235,336,363.39285714285717,121.00437987519128,0.0,900.0,-0.5615995900109457,336,-9.999999999999996,1.0,1.101209077380955,336,0.0,0.023809523809523808,0.9761904761904762,336,452,424,0,0,420
session_0064_attack_f0p90,1,0.9,coherent,11.699999999999923,7.815970093361102e-14,11.700000000000001,11.700000000000001,0.0,362,350.5882352941176,131.6175649030305,0.0,400.0,-0.7542503675230244,340,11.630952380952381,3.986673520572907,0.0,16.0,-0.021371628504362465,336,363.2835820895522,121.1682937161946,0.0,900.0,-0.5686069226153238,335,-9.999999999999993,1.0,1.020182291666669,336,0.0,0.020895522388059702,0.9791044776119403,335,452,424,0,0,419
session_0065_attack_f0p90,1,0.9,coherent,14.399999999999974,2.6645352591003757e-14,14.4,14.4,0.0,361,349.4117647058824,132.95158730708718,0.0,400.0,-0.7695771844148865,340,14.25297619047619,4.968201571653065,0.0,16.0,-0.027202425768571306,336,362.089552238806,122.76098988323996,0.0,900.0,-0.5850771803940095,335,-9.999999999999998,1.0,1.049107142857145,336,0.0,0.020895522388059702,0.9791044776119403,335,451,424,0,0,419
session_0066_attack_f0p90,1,0.9,coherent,14.399999999999974,2.6645352591003757e-14,14.4,14.4,0.0,362,350.5882352941176,131.6175649030305,0.0,400.0,-0.7542503675230244,340,14.300595238095237,4.907671315494723,0.0,16.0,-0.02655201103427331,336,363.2835820895522,121.1682937161946,0.0,900.0,-0.5686069226153238,335,-9.999999999999998,1.0,1.0488095238095259,336,0.0,0.020895522388059702,0.9791044776119403,335,452,424,0,0,419
session_0067_attack_f0p90,1,0.9,coherent,24.300000000000075,7.460698725481052e-14,24.3,24.3,0.0,361,342.0289855072464,140.8111049448245,0.0,400.0,-0.852265089393736,345,24.008928571428573,8.42066852309544,0.0,27.0,-0.04664432184140763,336,362.089552238806,122.76098988323996,0.0,900.0,-0.5850771803940095,335,-9.999999999999998,1.0,1.1540736607142883,336,0.0,0.026865671641791045,0.9731343283582089,335,451,431,0,0,419
session_0068_attack_f0p90,1,0.9,coherent,24.300000000000075,7.460698725481052e-14,24.3,24.3,0.0,361,350.5882352941176,131.6175649030305,0.0,400.0,-0.7542503675230244,340,24.089285714285715,8.3193909726892,0.0,27.0,-0.045546746977279784,336,363.2835820895522,121.1682937161946,0.0,900.0,-0.5686069226153238,335,-9.999999999999998,1.0,1.1537760416666691,336,0.0,0.020895522388059702,0.9791044776119403,335,451,424,0,0,419
session_0069_attack_f0p90,1,0.9,coherent,27.0,0.0,27.0,27.0,0.0,362,350.5882352941176,131.6175649030305,0.0,400.0,-0.7542503675230244,340,26.758928571428573,9.253936294749332,0.0,30.0,-0.050727129507190626,336,363.2835820895522,121.1682937161946,0.0,900.0,-0.5686069226153238,335,-10.0,1.0,1.1824032738095263,336,0.0,0.020895522388059702,0.9791044776119403,335,452,424,0,0,419
session_0070_attack_f0p90,1,0.9,coherent,21.60000000000014,1.3855583347321954e-13,21.6,21.6,0.0,362,350.5882352941176,131.6175649030305,0.0,400.0,-0.7542503675230244,340,21.419642857142858,7.386004775189067,0.0,24.0,-0.04036636444736892,336,363.2835820895522,121.1682937161946,0.0,900.0,-0.5686069226153238,335,-9.999999999999993,1.0,1.1251488095238122,336,0.0,0.020895522388059702,0.9791044776119403,335,452,424,0,0,419
session_0071_attack_f0p90,1,0.9,coherent,18.899999999999896,1.0658141036401503e-13,18.900000000000002,18.900000000000002,0.0,360,343.18840579710144,139.63194636359043,0.0,400.0,-0.838121065828156,345,18.75,6.454280602455869,0.0,21.0,-0.035185981917458066,336,363.2835820895522,121.1682937161946,0.0,900.0,-0.5686069226153238,335,-9.99999999999999,1.0,1.0965215773809545,336,0.0,0.026865671641791045,0.9731343283582089,335,450,431,0,0,419
session_0072_attack_f0p90,1,0.9,coherent,14.399999999999974,2.6645352591003757e-14,14.4,14.4,0.0,361,349.4117647058824,132.95158730708718,0.0,400.0,-0.7695771844148865,340,14.25297619047619,4.968201571653065,0.0,16.0,-0.027202425768571306,336,362.089552238806,122.76098988323996,0.0,900.0,-0.5850771803940095,335,-9.999999999999998,1.0,1.049107142857145,336,0.0,0.020895522388059702,0.9791044776119403,335,451,424,0,0,419
session_0073_attack_f0p90,1,0.9,coherent,22.5,0.0,22.5,22.5,0.0,362,350.5882352941176,131.6175649030305,0.0,400.0,-0.7542503675230244,340,22.238095238095237,7.782564529613386,0.0,25.0,-0.04306371913218983,336,363.39285714285717,121.00437987519128,0.0,900.0,-0.5615995900109457,336,-10.0,1.0,1.198976934523812,336,0.0,0.023809523809523808,0.9761904761904762,336,452,424,0,0,420
session_0074_attack_f0p90,1,0.9,coherent,13.5,0.0,13.5,13.5,0.0,361,350.5882352941176,131.6175649030305,0.0,400.0,-0.7542503675230244,340,13.410714285714286,4.599858120408841,0.0,16.0,-0.024825216857636362,336,363.2835820895522,121.1682937161946,0.0,900.0,-0.5686069226153238,335,-10.0,1.0,1.0392671130952404,336,0.0,0.020895522388059702,0.9791044776119403,335,451,424,0,0,419
session_0075_attack_f0p90,1,0.9,coherent,22.5,0.0,22.5,22.5,0.0,361,342.0289855072464,140.8111049448245,0.0,400.0,-0.852265089393736,345,22.235119047619047,7.790872558572816,0.0,25.0,-0.04310943164634648,336,362.089552238806,122.76098988323996,0.0,900.0,-0.5850771803940095,335,-10.0,1.0,1.1349888392857168,336,0.0,0.026865671641791045,0.9731343283582089,335,451,431,0,0,419
session_0076_attack_f0p90,1,0.9,coherent,27.0,0.0,27.0,27.0,0.0,361,349.4117647058824,132.95158730708718,0.0,400.0,-0.7695771844148865,340,26.669642857142858,9.366278539632104,0.0,30.0,-0.05194665713399935,336,362.089552238806,122.76098988323996,0.0,900.0,-0.5850771803940095,335,-10.0,1.0,1.1827008928571454,336,0.0,0.020895522388059702,0.9791044776119403,335,451,424,0,0,419
session_0077_attack_f0p90,1,0.9,coherent,15.300000000000102,1.0125233984581428e-13,15.3,15.3,0.0,361,350.5882352941176,131.6175649030305,0.0,400.0,-0.7542503675230244,340,15.142857142857142,5.272102808862028,0.0,17.0,-0.028924158351945235,336,363.39285714285717,121.00437987519128,0.0,900.0,-0.5615995900109457,336,-9.999999999999996,1.0,1.101209077380955,336,0.0,0.023809523809523808,0.9761904761904762,336,451,424,0,0,420
session_0078_attack_f0p90,1,0.9,coherent,9.0,0.0,9.0,9.0,0.0,361,342.0289855072464,140.8111049448245,0.0,400.0,-0.852265089393736,345,8.931547619047619,3.1145900877,0.0,16.0,-0.016597755183387845,336,362.089552238806,122.76098988323996,0.0,900.0,-0.5850771803940095,335,-10.0,1.0,0.9918526785714311,336,0.0,0.026865671641791045,0.9731343283582089,335,451,431,0,0,419
session_0079_attack_f0p90,1,0.9,coherent,12.59999999999998,2.1316282072803006e-14,12.600000000000001,12.600000000000001,0.0,362,350.5882352941176,131.6175649030305,0.0,400.0,-0.7542503675230244,340,12.520833333333334,4.2928006476883676,0.0,16.0,-0.023098422680999407,336,363.2835820895522,121.1682937161946,0.0,900.0,-0.5686069226153238,335,-9.99999999999999,1.0,1.029724702380955,336,0.0,0.020895522388059702,0.9791044776119403,335,452,424,0,0,419
session_0080_attack_f0p90,1,0.9,coherent,18.0,0.0,18.0,18.0,0.0,361,350.5882352941176,131.6175649030305,0.0,400.0,-0.7542503675230244,340,17.860119047619047,6.1442059415757155,0.0,20.0,-0.033459187740821114,336,363.2835820895522,121.1682937161946,0.0,900.0,-0.5686069226153238,335,-10.0,1.0,1.086979166666669,336,0.0,0.020895522388059702,0.9791044776119403,335,451,424,0,0,419
session_0081_attack_f0p90,1,0.9,coherent,27.0,0.0,27.0,27.0,0.0,360,343.18840579710144,139.63194636359043,0.0,400.0,-0.838121065828156,345,26.758928571428573,9.253936294749332,0.0,30.0,-0.050727129507190626,336,363.2835820895522,121.1682937161946,0.0,900.0,-0.5686069226153238,335,-10.0,1.0,1.1824032738095263,336,0.0,0.026865671641791045,0.9731343283582089,335,450,431,0,0,419
session_0082_attack_f0p90,1,0.9,coherent,13.5,0.0,13.5,13.5,0.0,361,343.18840579710144,139.63194636359043,0.0,400.0,-0.838121065828156,345,13.410714285714286,4.599858120408841,0.0,16.0,-0.024825216857636362,336,363.2835820895522,121.1682937161946,0.0,900.0,-0.5686069226153238,335,-10.0,1.0,1.0392671130952404,336,0.0,0.026865671641791045,0.9731343283582089,335,451,431,0,0,419
session_0083_attack_f0p90,1,0.9,coherent,20.699999999999875,1.2789769243681803e-13,20.700000000000003,20.700000000000003,0.0,360,342.0289855072464,140.8111049448245,0.0,400.0,-0.852265089393736,345,20.461309523809526,7.161715556605054,0.0,23.0,-0.039574541451285326,336,362.089552238806,122.76098988323996,0.0,900.0,-0.5850771803940095,335,-9.999999999999988,1.0,1.1159040178571453,336,0.0,0.026865671641791045,0.9731343283582089,335,450,431,0,0,419
session_0084_attack_f0p90,1,0.9,coherent,18.899999999999892,1.1013412404281553e-13,18.900000000000002,18.900000000000002,0.0,361,349.4117647058824,132.95158730708718,0.0,400.0,-0.7695771844148865,340,18.6875,6.533382113824209,0.0,21.0,-0.03603965125622418,336,362.089552238806,122.76098988323996,0.0,900.0,-0.5850771803940095,335,-9.99999999999999,1.0,1.0968191964285736,336,0.0,0.020895522388059702,0.9791044776119403,335,451,424,0,0,419
session_0085_attack_f0p90,1,0.9,coherent,24.300000000000075,7.460698725481052e-14,24.3,24.3,0.0,360,342.0289855072464,140.8111049448245,0.0,400.0,-0.852265089393736,345,24.008928571428573,8.42066852309544,0.0,27.0,-0.04664432184140763,336,362.089552238806,122.76098988323996,0.0,900.0,-0.5850771803940095,335,-9.999999999999998,1.0,1.1540736607142883,336,0.0,0.026865671641791045,0.9731343283582089,335,450,431,0,0,419
session_0086_attack_f0p90,1,0.9,coherent,25.199999999999953,4.973799150320701e-14,25.200000000000003,25.200000000000003,0.0,360,350.5882352941176,131.6175649030305,0.0,400.0,-0.7542503675230244,340,24.979166666666668,8.63079587296523,0.0,28.0,-0.047273541153916715,336,363.2835820895522,121.1682937161946,0.0,900.0,-0.5686069226153238,335,-9.99999999999999,1.0,1.1633184523809548,336,0.0,0.020895522388059702,0.9791044776119403,335,450,424,0,0,419
session_0087_attack_f0p90,1,0.9,coherent,13.5,0.0,13.5,13.5,0.0,360,342.0289855072464,140.8111049448245,0.0,400.0,-0.852265089393736,345,13.366071428571429,4.656655891316863,0.0,16.0,-0.025434980671040722,336,362.089552238806,122.76098988323996,0.0,900.0,-0.5850771803940095,335,-10.0,1.0,1.0395647321428596,336,0.0,0.026865671641791045,0.9731343283582089,335,450,431,0,0,419
session_0088_attack_f0p90,1,0.9,coherent,15.300000000000102,1.0125233984581428e-13,15.3,15.3,0.0,361,350.5882352941176,131.6175649030305,0.0,400.0,-0.7542503675230244,340,15.19047619047619,5.216106444457331,0.0,17.0,-0.02827880521091027,336,363.2835820895522,121.1682937161946,0.0,900.0,-0.5686069226153238,335,-9.999999999999996,1.0,1.058351934523812,336,0.0,0.020895522388059702,0.9791044776119403,335,451,424,0,0,419
session_0089_attack_f0p90,1,0.9,coherent,28.799999999999947,5.3290705182007514e-14,28.8,28.8,0.0,362,350.5882352941176,131.6175649030305,0.0,400.0,-0.7542503675230244,340,28.538690476190474,9.8774480123931,0.0,32.0,-0.054180717860464515,336,363.2835820895522,121.1682937161946,0.0,900.0,-0.5686069226153238,335,-9.999999999999998,1.0,1.2014880952380977,336,0.0,0.020895522388059702,0.9791044776119403,335,452,424,0,0,419
